timestamp,value
2024-06-15 00:00:00,27.9367
2024-06-15 00:00:01,27.9903
2024-06-15 00:00:02,27.984
2024-06-15 00:00:03,27.8753
2024-06-15 00:00:04,27.9565
2024-06-15 00:00:05,28.1197
2024-06-15 00:00:06,28.0994
2024-06-15 00:00:07,28.012
2024-06-15 00:00:08,27.9959
2024-06-15 00:00:09,27.987
2024-06-15 00:00:10,28.0271
2024-06-15 00:00:11,28.0141
2024-06-15 00:00:12,28.0366
2024-06-15 00:00:13,28.0547
2024-06-15 00:00:14,27.8838
2024-06-15 00:00:15,27.9742
2024-06-15 00:00:16,28.0254
2024-06-15 00:00:17,27.9094
2024-06-15 00:00:18,27.9389
2024-06-15 00:00:19,27.9848
2024-06-15 00:00:20,27.9901
2024-06-15 00:00:21,28.029
2024-06-15 00:00:22,27.9229
2024-06-15 00:00:23,28.1048
2024-06-15 00:00:24,27.9907
2024-06-15 00:00:25,28.0232
2024-06-15 00:00:26,27.9721
2024-06-15 00:00:27,28.033
2024-06-15 00:00:28,28.1769
2024-06-15 00:00:29,27.9722
2024-06-15 00:00:30,27.956
2024-06-15 00:00:31,27.9278
2024-06-15 00:00:32,28.0052
2024-06-15 00:00:33,28.0044
2024-06-15 00:00:34,28.017
2024-06-15 00:00:35,28.059
2024-06-15 00:00:36,28.0468
2024-06-15 00:00:37,28.0107
2024-06-15 00:00:38,28.2086
2024-06-15 00:00:39,28.0827
2024-06-15 00:00:40,27.905
2024-06-15 00:00:41,27.8598
2024-06-15 00:00:42,27.9451
2024-06-15 00:00:43,28.0303
2024-06-15 00:00:44,27.9374
2024-06-15 00:00:45,27.9529
2024-06-15 00:00:46,28.0187
2024-06-15 00:00:47,27.9822
2024-06-15 00:00:48,27.812
2024-06-15 00:00:49,28.1248
2024-06-15 00:00:50,28.1019
2024-06-15 00:00:51,27.8893
2024-06-15 00:00:52,28.0238
2024-06-15 00:00:53,27.9068
2024-06-15 00:00:54,27.958
2024-06-15 00:00:55,28.0678
2024-06-15 00:00:56,28.1005
2024-06-15 00:00:57,28.0985
2024-06-15 00:00:58,28.0447
2024-06-15 00:00:59,28.1481
2024-06-15 00:01:00,27.9599
2024-06-15 00:01:01,27.9824
2024-06-15 00:01:02,27.7622
2024-06-15 00:01:03,28.0127
2024-06-15 00:01:04,28.0803
2024-06-15 00:01:05,28.0512
2024-06-15 00:01:06,27.9606
2024-06-15 00:01:07,28.1078
2024-06-15 00:01:08,28.0163
2024-06-15 00:01:09,28.1007
2024-06-15 00:01:10,28.073
2024-06-15 00:01:11,28.1672
2024-06-15 00:01:12,28.059
2024-06-15 00:01:13,28.0864
2024-06-15 00:01:14,28.0181
2024-06-15 00:01:15,27.9759
2024-06-15 00:01:16,28.0756
2024-06-15 00:01:17,28.1771
2024-06-15 00:01:18,27.9656
2024-06-15 00:01:19,28.0027
2024-06-15 00:01:20,28.0306
2024-06-15 00:01:21,28.0967
2024-06-15 00:01:22,28.0631
2024-06-15 00:01:23,28.1202
2024-06-15 00:01:24,28.2267
2024-06-15 00:01:25,27.9657
2024-06-15 00:01:26,28.0909
2024-06-15 00:01:27,28.0624
2024-06-15 00:01:28,28.0326
2024-06-15 00:01:29,28.0916
2024-06-15 00:01:30,28.0047
2024-06-15 00:01:31,28.064
2024-06-15 00:01:32,27.9015
2024-06-15 00:01:33,27.9785
2024-06-15 00:01:34,28.1375
2024-06-15 00:01:35,28.134
2024-06-15 00:01:36,28.0594
2024-06-15 00:01:37,27.9885
2024-06-15 00:01:38,28.1167
2024-06-15 00:01:39,28.1581
2024-06-15 00:01:40,27.9936
2024-06-15 00:01:41,27.8897
2024-06-15 00:01:42,28.0804
2024-06-15 00:01:43,28.1272
2024-06-15 00:01:44,28.095
2024-06-15 00:01:45,28.1931
2024-06-15 00:01:46,28.1938
2024-06-15 00:01:47,28.0067
2024-06-15 00:01:48,28.0575
2024-06-15 00:01:49,27.9883
2024-06-15 00:01:50,27.9361
2024-06-15 00:01:51,27.9423
2024-06-15 00:01:52,28.1107
2024-06-15 00:01:53,28.0696
2024-06-15 00:01:54,28.1287
2024-06-15 00:01:55,28.2932
2024-06-15 00:01:56,28.0904
2024-06-15 00:01:57,27.9619
2024-06-15 00:01:58,28.1446
2024-06-15 00:01:59,27.9608
2024-06-15 00:02:00,28.2166
2024-06-15 00:02:01,27.845
2024-06-15 00:02:02,27.9878
2024-06-15 00:02:03,28.105
2024-06-15 00:02:04,28.1609
2024-06-15 00:02:05,27.9758
2024-06-15 00:02:06,27.958
2024-06-15 00:02:07,28.059
2024-06-15 00:02:08,28.2354
2024-06-15 00:02:09,27.891
2024-06-15 00:02:10,28.0138
2024-06-15 00:02:11,28.0716
2024-06-15 00:02:12,27.9663
2024-06-15 00:02:13,27.9663
2024-06-15 00:02:14,28.0232
2024-06-15 00:02:15,28.0762
2024-06-15 00:02:16,28.0278
2024-06-15 00:02:17,28.1942
2024-06-15 00:02:18,28.1072
2024-06-15 00:02:19,28.0866
2024-06-15 00:02:20,28.1514
2024-06-15 00:02:21,28.0891
2024-06-15 00:02:22,28.005
2024-06-15 00:02:23,28.0234
2024-06-15 00:02:24,27.9371
2024-06-15 00:02:25,28.2509
2024-06-15 00:02:26,28.1438
2024-06-15 00:02:27,27.7951
2024-06-15 00:02:28,28.1847
2024-06-15 00:02:29,27.9052
2024-06-15 00:02:30,28.1042
2024-06-15 00:02:31,27.832
2024-06-15 00:02:32,28.01
2024-06-15 00:02:33,28.1872
2024-06-15 00:02:34,28.1931
2024-06-15 00:02:35,28.0845
2024-06-15 00:02:36,28.1329
2024-06-15 00:02:37,27.9131
2024-06-15 00:02:38,28.1087
2024-06-15 00:02:39,28.1403
2024-06-15 00:02:40,28.3125
2024-06-15 00:02:41,27.9935
2024-06-15 00:02:42,28.0578
2024-06-15 00:02:43,28.0644
2024-06-15 00:02:44,28.1268
2024-06-15 00:02:45,28.1453
2024-06-15 00:02:46,28.1637
2024-06-15 00:02:47,28.1567
2024-06-15 00:02:48,27.9102
2024-06-15 00:02:49,27.7973
2024-06-15 00:02:50,28.0075
2024-06-15 00:02:51,28.0558
2024-06-15 00:02:52,27.9983
2024-06-15 00:02:53,28.014
2024-06-15 00:02:54,28.0267
2024-06-15 00:02:55,28.1184
2024-06-15 00:02:56,27.9576
2024-06-15 00:02:57,28.0536
2024-06-15 00:02:58,28.0547
2024-06-15 00:02:59,28.1175
2024-06-15 00:03:00,28.1786
2024-06-15 00:03:01,28.2311
2024-06-15 00:03:02,27.9885
2024-06-15 00:03:03,27.8634
2024-06-15 00:03:04,28.0395
2024-06-15 00:03:05,27.9052
2024-06-15 00:03:06,28.3379
2024-06-15 00:03:07,27.9775
2024-06-15 00:03:08,28.1215
2024-06-15 00:03:09,28.1588
2024-06-15 00:03:10,28.0998
2024-06-15 00:03:11,28.2738
2024-06-15 00:03:12,28.0462
2024-06-15 00:03:13,27.9833
2024-06-15 00:03:14,27.9785
2024-06-15 00:03:15,28.1425
2024-06-15 00:03:16,28.0488
2024-06-15 00:03:17,27.9795
2024-06-15 00:03:18,28.1126
2024-06-15 00:03:19,28.1398
2024-06-15 00:03:20,28.0963
2024-06-15 00:03:21,28.1595
2024-06-15 00:03:22,28.0787
2024-06-15 00:03:23,28.0108
2024-06-15 00:03:24,28.1517
2024-06-15 00:03:25,27.9819
2024-06-15 00:03:26,27.9583
2024-06-15 00:03:27,28.1872
2024-06-15 00:03:28,28.0371
2024-06-15 00:03:29,28.2388
2024-06-15 00:03:30,28.1582
2024-06-15 00:03:31,28.0305
2024-06-15 00:03:32,28.1219
2024-06-15 00:03:33,28.3264
2024-06-15 00:03:34,28.1494
2024-06-15 00:03:35,28.1324
2024-06-15 00:03:36,28.0151
2024-06-15 00:03:37,28.2594
2024-06-15 00:03:38,28.2071
2024-06-15 00:03:39,28.0171
2024-06-15 00:03:40,28.264
2024-06-15 00:03:41,28.0928
2024-06-15 00:03:42,27.9926
2024-06-15 00:03:43,28.0171
2024-06-15 00:03:44,28.1651
2024-06-15 00:03:45,27.9943
2024-06-15 00:03:46,27.9677
2024-06-15 00:03:47,28.0344
2024-06-15 00:03:48,28.0497
2024-06-15 00:03:49,28.0117
2024-06-15 00:03:50,28.0339
2024-06-15 00:03:51,28.1714
2024-06-15 00:03:52,28.1057
2024-06-15 00:03:53,28.0288
2024-06-15 00:03:54,28.0379
2024-06-15 00:03:55,28.0678
2024-06-15 00:03:56,28.0739
2024-06-15 00:03:57,28.0747
2024-06-15 00:03:58,28.17
2024-06-15 00:03:59,28.1021
2024-06-15 00:04:00,28.1053
2024-06-15 00:04:01,28.2257
2024-06-15 00:04:02,28.271
2024-06-15 00:04:03,27.9606
2024-06-15 00:04:04,27.9261
2024-06-15 00:04:05,28.0494
2024-06-15 00:04:06,28.163
2024-06-15 00:04:07,28.1226
2024-06-15 00:04:08,28.1908
2024-06-15 00:04:09,28.0465
2024-06-15 00:04:10,27.8904
2024-06-15 00:04:11,27.9497
2024-06-15 00:04:12,28.1432
2024-06-15 00:04:13,28.1932
2024-06-15 00:04:14,27.8967
2024-06-15 00:04:15,28.2288
2024-06-15 00:04:16,28.1345
2024-06-15 00:04:17,28.0813
2024-06-15 00:04:18,28.026
2024-06-15 00:04:19,28.2482
2024-06-15 00:04:20,28.1791
2024-06-15 00:04:21,28.1388
2024-06-15 00:04:22,28.0169
2024-06-15 00:04:23,28.2518
2024-06-15 00:04:24,28.0937
2024-06-15 00:04:25,28.1209
2024-06-15 00:04:26,28.0987
2024-06-15 00:04:27,28.0152
2024-06-15 00:04:28,28.124
2024-06-15 00:04:29,28.1621
2024-06-15 00:04:30,28.0485
2024-06-15 00:04:31,28.1164
2024-06-15 00:04:32,28.0992
2024-06-15 00:04:33,28.1852
2024-06-15 00:04:34,28.0641
2024-06-15 00:04:35,28.117
2024-06-15 00:04:36,28.1384
2024-06-15 00:04:37,28.0629
2024-06-15 00:04:38,28.0128
2024-06-15 00:04:39,28.0294
2024-06-15 00:04:40,28.1369
2024-06-15 00:04:41,28.0728
2024-06-15 00:04:42,28.0718
2024-06-15 00:04:43,28.1574
2024-06-15 00:04:44,28.1993
2024-06-15 00:04:45,28.2168
2024-06-15 00:04:46,28.0368
2024-06-15 00:04:47,28.1906
2024-06-15 00:04:48,28.3072
2024-06-15 00:04:49,28.1116
2024-06-15 00:04:50,28.092
2024-06-15 00:04:51,28.0715
2024-06-15 00:04:52,27.9936
2024-06-15 00:04:53,28.1845
2024-06-15 00:04:54,28.0937
2024-06-15 00:04:55,28.086
2024-06-15 00:04:56,28.17
2024-06-15 00:04:57,28.1796
2024-06-15 00:04:58,28.0419
2024-06-15 00:04:59,28.0446
2024-06-15 00:05:00,28.0405
2024-06-15 00:05:01,28.3143
2024-06-15 00:05:02,28.251
2024-06-15 00:05:03,28.1743
2024-06-15 00:05:04,28.0664
2024-06-15 00:05:05,28.0786
2024-06-15 00:05:06,28.1409
2024-06-15 00:05:07,28.3258
2024-06-15 00:05:08,28.1341
2024-06-15 00:05:09,28.1564
2024-06-15 00:05:10,27.851
2024-06-15 00:05:11,28.132
2024-06-15 00:05:12,27.9671
2024-06-15 00:05:13,28.0582
2024-06-15 00:05:14,28.1119
2024-06-15 00:05:15,28.0773
2024-06-15 00:05:16,28.0442
2024-06-15 00:05:17,28.0455
2024-06-15 00:05:18,28.0874
2024-06-15 00:05:19,28.0833
2024-06-15 00:05:20,28.1112
2024-06-15 00:05:21,28.104
2024-06-15 00:05:22,28.2377
2024-06-15 00:05:23,27.9052
2024-06-15 00:05:24,28.1349
2024-06-15 00:05:25,28.1179
2024-06-15 00:05:26,28.0977
2024-06-15 00:05:27,28.0408
2024-06-15 00:05:28,28.0968
2024-06-15 00:05:29,27.9487
2024-06-15 00:05:30,28.1331
2024-06-15 00:05:31,28.1515
2024-06-15 00:05:32,28.0426
2024-06-15 00:05:33,28.3074
2024-06-15 00:05:34,28.1016
2024-06-15 00:05:35,28.1184
2024-06-15 00:05:36,28.2479
2024-06-15 00:05:37,28.3289
2024-06-15 00:05:38,28.0026
2024-06-15 00:05:39,28.0576
2024-06-15 00:05:40,28.1053
2024-06-15 00:05:41,28.0416
2024-06-15 00:05:42,28.2009
2024-06-15 00:05:43,28.0313
2024-06-15 00:05:44,28.2436
2024-06-15 00:05:45,28.1796
2024-06-15 00:05:46,28.2339
2024-06-15 00:05:47,28.033
2024-06-15 00:05:48,28.0798
2024-06-15 00:05:49,28.2083
2024-06-15 00:05:50,28.1905
2024-06-15 00:05:51,28.0905
2024-06-15 00:05:52,28.105
2024-06-15 00:05:53,28.0763
2024-06-15 00:05:54,28.103
2024-06-15 00:05:55,28.0239
2024-06-15 00:05:56,28.0074
2024-06-15 00:05:57,28.2216
2024-06-15 00:05:58,28.1008
2024-06-15 00:05:59,28.2368
2024-06-15 00:06:00,28.1816
2024-06-15 00:06:01,28.1535
2024-06-15 00:06:02,28.0516
2024-06-15 00:06:03,28.0019
2024-06-15 00:06:04,28.0776
2024-06-15 00:06:05,28.2768
2024-06-15 00:06:06,28.2128
2024-06-15 00:06:07,28.0692
2024-06-15 00:06:08,28.08
2024-06-15 00:06:09,28.032
2024-06-15 00:06:10,27.9705
2024-06-15 00:06:11,28.1357
2024-06-15 00:06:12,28.2983
2024-06-15 00:06:13,28.2999
2024-06-15 00:06:14,28.1873
2024-06-15 00:06:15,28.0665
2024-06-15 00:06:16,27.9822
2024-06-15 00:06:17,28.2321
2024-06-15 00:06:18,28.1725
2024-06-15 00:06:19,28.0964
2024-06-15 00:06:20,28.08
2024-06-15 00:06:21,28.1887
2024-06-15 00:06:22,28.0463
2024-06-15 00:06:23,28.1532
2024-06-15 00:06:24,28.0076
2024-06-15 00:06:25,28.3528
2024-06-15 00:06:26,28.0616
2024-06-15 00:06:27,28.1954
2024-06-15 00:06:28,28.0111
2024-06-15 00:06:29,28.1149
2024-06-15 00:06:30,28.22
2024-06-15 00:06:31,28.2419
2024-06-15 00:06:32,28.2085
2024-06-15 00:06:33,28.1186
2024-06-15 00:06:34,28.0662
2024-06-15 00:06:35,28.0253
2024-06-15 00:06:36,28.2838
2024-06-15 00:06:37,28.144
2024-06-15 00:06:38,28.1628
2024-06-15 00:06:39,28.2509
2024-06-15 00:06:40,28.1933
2024-06-15 00:06:41,28.1222
2024-06-15 00:06:42,28.2097
2024-06-15 00:06:43,28.0733
2024-06-15 00:06:44,27.9808
2024-06-15 00:06:45,28.2774
2024-06-15 00:06:46,28.0826
2024-06-15 00:06:47,28.1064
2024-06-15 00:06:48,28.1155
2024-06-15 00:06:49,28.0772
2024-06-15 00:06:50,28.2479
2024-06-15 00:06:51,28.1755
2024-06-15 00:06:52,28.108
2024-06-15 00:06:53,28.0111
2024-06-15 00:06:54,28.1694
2024-06-15 00:06:55,27.8942
2024-06-15 00:06:56,28.1629
2024-06-15 00:06:57,28.2742
2024-06-15 00:06:58,28.1467
2024-06-15 00:06:59,28.2612
2024-06-15 00:07:00,28.0179
2024-06-15 00:07:01,28.345
2024-06-15 00:07:02,28.2512
2024-06-15 00:07:03,28.1894
2024-06-15 00:07:04,28.0822
2024-06-15 00:07:05,28.0659
2024-06-15 00:07:06,28.1356
2024-06-15 00:07:07,28.2633
2024-06-15 00:07:08,28.0117
2024-06-15 00:07:09,28.1446
2024-06-15 00:07:10,28.2173
2024-06-15 00:07:11,28.2372
2024-06-15 00:07:12,28.2176
2024-06-15 00:07:13,28.0031
2024-06-15 00:07:14,28.2583
2024-06-15 00:07:15,28.1522
2024-06-15 00:07:16,28.0372
2024-06-15 00:07:17,28.1436
2024-06-15 00:07:18,27.9505
2024-06-15 00:07:19,28.2045
2024-06-15 00:07:20,28.1342
2024-06-15 00:07:21,28.0203
2024-06-15 00:07:22,28.1186
2024-06-15 00:07:23,28.0771
2024-06-15 00:07:24,28.0838
2024-06-15 00:07:25,27.9224
2024-06-15 00:07:26,27.9816
2024-06-15 00:07:27,28.1261
2024-06-15 00:07:28,28.1092
2024-06-15 00:07:29,28.2471
2024-06-15 00:07:30,28.0868
2024-06-15 00:07:31,28.0976
2024-06-15 00:07:32,28.1026
2024-06-15 00:07:33,28.1312
2024-06-15 00:07:34,28.1604
2024-06-15 00:07:35,28.1109
2024-06-15 00:07:36,28.2089
2024-06-15 00:07:37,28.3821
2024-06-15 00:07:38,28.0699
2024-06-15 00:07:39,28.1919
2024-06-15 00:07:40,28.156
2024-06-15 00:07:41,28.258
2024-06-15 00:07:42,28.1739
2024-06-15 00:07:43,28.0813
2024-06-15 00:07:44,28.0377
2024-06-15 00:07:45,28.2156
2024-06-15 00:07:46,28.0464
2024-06-15 00:07:47,28.2735
2024-06-15 00:07:48,28.2107
2024-06-15 00:07:49,28.1644
2024-06-15 00:07:50,28.0248
2024-06-15 00:07:51,28.2238
2024-06-15 00:07:52,28.3183
2024-06-15 00:07:53,28.1144
2024-06-15 00:07:54,28.083
2024-06-15 00:07:55,28.1483
2024-06-15 00:07:56,28.2045
2024-06-15 00:07:57,28.105
2024-06-15 00:07:58,28.2483
2024-06-15 00:07:59,28.3498
2024-06-15 00:08:00,28.192
2024-06-15 00:08:01,28.1268
2024-06-15 00:08:02,28.2036
2024-06-15 00:08:03,28.2776
2024-06-15 00:08:04,28.1761
2024-06-15 00:08:05,28.209
2024-06-15 00:08:06,28.2312
2024-06-15 00:08:07,28.0735
2024-06-15 00:08:08,28.2072
2024-06-15 00:08:09,28.0274
2024-06-15 00:08:10,28.0961
2024-06-15 00:08:11,28.2768
2024-06-15 00:08:12,28.2496
2024-06-15 00:08:13,28.1358
2024-06-15 00:08:14,28.3337
2024-06-15 00:08:15,28.0324
2024-06-15 00:08:16,28.1432
2024-06-15 00:08:17,28.1915
2024-06-15 00:08:18,27.8834
2024-06-15 00:08:19,28.1488
2024-06-15 00:08:20,28.0524
2024-06-15 00:08:21,28.055
2024-06-15 00:08:22,28.1382
2024-06-15 00:08:23,27.9832
2024-06-15 00:08:24,28.0852
2024-06-15 00:08:25,27.9861
2024-06-15 00:08:26,28.179
2024-06-15 00:08:27,28.1773
2024-06-15 00:08:28,28.1323
2024-06-15 00:08:29,28.2671
2024-06-15 00:08:30,28.1381
2024-06-15 00:08:31,28.1657
2024-06-15 00:08:32,28.0777
2024-06-15 00:08:33,27.9383
2024-06-15 00:08:34,28.1544
2024-06-15 00:08:35,28.1416
2024-06-15 00:08:36,28.3405
2024-06-15 00:08:37,28.2365
2024-06-15 00:08:38,28.1288
2024-06-15 00:08:39,28.1845
2024-06-15 00:08:40,28.2613
2024-06-15 00:08:41,28.2226
2024-06-15 00:08:42,28.3381
2024-06-15 00:08:43,28.0926
2024-06-15 00:08:44,28.2693
2024-06-15 00:08:45,28.1298
2024-06-15 00:08:46,28.1917
2024-06-15 00:08:47,28.1169
2024-06-15 00:08:48,28.1587
2024-06-15 00:08:49,28.1944
2024-06-15 00:08:50,28.2328
2024-06-15 00:08:51,28.1799
2024-06-15 00:08:52,27.9255
2024-06-15 00:08:53,28.1667
2024-06-15 00:08:54,28.3217
2024-06-15 00:08:55,28.1664
2024-06-15 00:08:56,28.3251
2024-06-15 00:08:57,28.1635
2024-06-15 00:08:58,28.0186
2024-06-15 00:08:59,28.1328
2024-06-15 00:09:00,28.1205
2024-06-15 00:09:01,28.1537
2024-06-15 00:09:02,28.0584
2024-06-15 00:09:03,28.1763
2024-06-15 00:09:04,28.1446
2024-06-15 00:09:05,28.3065
2024-06-15 00:09:06,28.057
2024-06-15 00:09:07,28.2029
2024-06-15 00:09:08,28.2197
2024-06-15 00:09:09,28.2564
2024-06-15 00:09:10,28.1428
2024-06-15 00:09:11,28.2015
2024-06-15 00:09:12,28.215
2024-06-15 00:09:13,28.0152
2024-06-15 00:09:14,28.1475
2024-06-15 00:09:15,28.1773
2024-06-15 00:09:16,28.1893
2024-06-15 00:09:17,28.1883
2024-06-15 00:09:18,28.2251
2024-06-15 00:09:19,28.3754
2024-06-15 00:09:20,28.1224
2024-06-15 00:09:21,28.2203
2024-06-15 00:09:22,28.3126
2024-06-15 00:09:23,28.0029
2024-06-15 00:09:24,28.2099
2024-06-15 00:09:25,28.0153
2024-06-15 00:09:26,28.4022
2024-06-15 00:09:27,28.2361
2024-06-15 00:09:28,28.2229
2024-06-15 00:09:29,27.9971
2024-06-15 00:09:30,28.1342
2024-06-15 00:09:31,28.135
2024-06-15 00:09:32,28.3619
2024-06-15 00:09:33,28.2584
2024-06-15 00:09:34,28.0205
2024-06-15 00:09:35,28.233
2024-06-15 00:09:36,28.0361
2024-06-15 00:09:37,28.0237
2024-06-15 00:09:38,28.2322
2024-06-15 00:09:39,28.2616
2024-06-15 00:09:40,28.2333
2024-06-15 00:09:41,28.3757
2024-06-15 00:09:42,28.2249
2024-06-15 00:09:43,28.2053
2024-06-15 00:09:44,28.0669
2024-06-15 00:09:45,28.2746
2024-06-15 00:09:46,28.0239
2024-06-15 00:09:47,28.3914
2024-06-15 00:09:48,28.2767
2024-06-15 00:09:49,28.4689
2024-06-15 00:09:50,28.2291
2024-06-15 00:09:51,28.2824
2024-06-15 00:09:52,28.163
2024-06-15 00:09:53,28.1866
2024-06-15 00:09:54,28.0861
2024-06-15 00:09:55,28.0467
2024-06-15 00:09:56,28.2107
2024-06-15 00:09:57,28.1871
2024-06-15 00:09:58,28.0847
2024-06-15 00:09:59,28.1027
2024-06-15 00:10:00,28.1961
2024-06-15 00:10:01,28.0838
2024-06-15 00:10:02,28.229
2024-06-15 00:10:03,28.0874
2024-06-15 00:10:04,28.2195
2024-06-15 00:10:05,28.0791
2024-06-15 00:10:06,28.0798
2024-06-15 00:10:07,27.9585
2024-06-15 00:10:08,28.1789
2024-06-15 00:10:09,28.3406
2024-06-15 00:10:10,28.3352
2024-06-15 00:10:11,28.2282
2024-06-15 00:10:12,27.9959
2024-06-15 00:10:13,28.2807
2024-06-15 00:10:14,28.2191
2024-06-15 00:10:15,28.1562
2024-06-15 00:10:16,28.3178
2024-06-15 00:10:17,28.2589
2024-06-15 00:10:18,28.3938
2024-06-15 00:10:19,28.0573
2024-06-15 00:10:20,28.0654
2024-06-15 00:10:21,28.0825
2024-06-15 00:10:22,28.1702
2024-06-15 00:10:23,28.3577
2024-06-15 00:10:24,28.1368
2024-06-15 00:10:25,28.1392
2024-06-15 00:10:26,28.2414
2024-06-15 00:10:27,28.2843
2024-06-15 00:10:28,27.9765
2024-06-15 00:10:29,28.3045
2024-06-15 00:10:30,28.1352
2024-06-15 00:10:31,28.1908
2024-06-15 00:10:32,28.3431
2024-06-15 00:10:33,28.1799
2024-06-15 00:10:34,28.0486
2024-06-15 00:10:35,28.0546
2024-06-15 00:10:36,28.1994
2024-06-15 00:10:37,28.1691
2024-06-15 00:10:38,28.2088
2024-06-15 00:10:39,28.1629
2024-06-15 00:10:40,28.3275
2024-06-15 00:10:41,28.2061
2024-06-15 00:10:42,28.0275
2024-06-15 00:10:43,28.2857
2024-06-15 00:10:44,28.395
2024-06-15 00:10:45,28.2201
2024-06-15 00:10:46,28.2281
2024-06-15 00:10:47,28.1271
2024-06-15 00:10:48,28.1811
2024-06-15 00:10:49,28.2559
2024-06-15 00:10:50,28.3191
2024-06-15 00:10:51,28.2507
2024-06-15 00:10:52,28.3882
2024-06-15 00:10:53,28.2165
2024-06-15 00:10:54,28.0947
2024-06-15 00:10:55,28.0978
2024-06-15 00:10:56,28.3308
2024-06-15 00:10:57,28.3084
2024-06-15 00:10:58,28.0434
2024-06-15 00:10:59,28.1872
2024-06-15 00:11:00,28.1911
2024-06-15 00:11:01,28.1335
2024-06-15 00:11:02,28.0679
2024-06-15 00:11:03,28.1318
2024-06-15 00:11:04,28.1141
2024-06-15 00:11:05,28.071
2024-06-15 00:11:06,28.2928
2024-06-15 00:11:07,28.2384
2024-06-15 00:11:08,28.164
2024-06-15 00:11:09,28.0036
2024-06-15 00:11:10,28.181
2024-06-15 00:11:11,28.2632
2024-06-15 00:11:12,28.1378
2024-06-15 00:11:13,28.0966
2024-06-15 00:11:14,28.1996
2024-06-15 00:11:15,28.2456
2024-06-15 00:11:16,28.0124
2024-06-15 00:11:17,28.348
2024-06-15 00:11:18,28.088
2024-06-15 00:11:19,28.1708
2024-06-15 00:11:20,28.3315
2024-06-15 00:11:21,28.2261
2024-06-15 00:11:22,28.3235
2024-06-15 00:11:23,28.3695
2024-06-15 00:11:24,28.0684
2024-06-15 00:11:25,28.3048
2024-06-15 00:11:26,28.3474
2024-06-15 00:11:27,28.1775
2024-06-15 00:11:28,28.1857
2024-06-15 00:11:29,28.0243
2024-06-15 00:11:30,-129.5306
2024-06-15 00:11:31,27.9626
2024-06-15 00:11:32,28.3132
2024-06-15 00:11:33,28.0748
2024-06-15 00:11:34,28.3558
2024-06-15 00:11:35,28.2566
2024-06-15 00:11:36,28.3181
2024-06-15 00:11:37,28.1362
2024-06-15 00:11:38,28.0844
2024-06-15 00:11:39,28.0416
2024-06-15 00:11:40,28.3273
2024-06-15 00:11:41,28.2847
2024-06-15 00:11:42,28.2885
2024-06-15 00:11:43,28.2481
2024-06-15 00:11:44,28.2736
2024-06-15 00:11:45,28.1902
2024-06-15 00:11:46,28.2567
2024-06-15 00:11:47,28.1342
2024-06-15 00:11:48,28.1858
2024-06-15 00:11:49,28.5247
2024-06-15 00:11:50,28.2245
2024-06-15 00:11:51,28.0237
2024-06-15 00:11:52,28.1802
2024-06-15 00:11:53,28.1155
2024-06-15 00:11:54,28.2375
2024-06-15 00:11:55,28.1328
2024-06-15 00:11:56,28.2008
2024-06-15 00:11:57,28.1483
2024-06-15 00:11:58,28.2422
2024-06-15 00:11:59,28.16
2024-06-15 00:12:00,28.2586
2024-06-15 00:12:01,28.418
2024-06-15 00:12:02,28.108
2024-06-15 00:12:03,28.296
2024-06-15 00:12:04,27.9786
2024-06-15 00:12:05,28.2008
2024-06-15 00:12:06,28.2472
2024-06-15 00:12:07,28.1498
2024-06-15 00:12:08,28.0461
2024-06-15 00:12:09,28.2212
2024-06-15 00:12:10,28.3785
2024-06-15 00:12:11,28.2108
2024-06-15 00:12:12,28.2816
2024-06-15 00:12:13,28.3386
2024-06-15 00:12:14,28.4733
2024-06-15 00:12:15,28.1212
2024-06-15 00:12:16,28.1317
2024-06-15 00:12:17,28.1976
2024-06-15 00:12:18,28.2886
2024-06-15 00:12:19,27.9953
2024-06-15 00:12:20,28.2929
2024-06-15 00:12:21,28.2426
2024-06-15 00:12:22,28.1746
2024-06-15 00:12:23,28.2708
2024-06-15 00:12:24,28.3174
2024-06-15 00:12:25,28.3315
2024-06-15 00:12:26,28.2304
2024-06-15 00:12:27,28.2617
2024-06-15 00:12:28,28.2582
2024-06-15 00:12:29,28.3527
2024-06-15 00:12:30,28.2679
2024-06-15 00:12:31,28.2946
2024-06-15 00:12:32,28.3195
2024-06-15 00:12:33,28.4263
2024-06-15 00:12:34,28.1721
2024-06-15 00:12:35,28.3935
2024-06-15 00:12:36,28.4783
2024-06-15 00:12:37,28.1792
2024-06-15 00:12:38,28.2099
2024-06-15 00:12:39,28.189
2024-06-15 00:12:40,28.2977
2024-06-15 00:12:41,28.0461
2024-06-15 00:12:42,28.1825
2024-06-15 00:12:43,28.2053
2024-06-15 00:12:44,28.1968
2024-06-15 00:12:45,28.196
2024-06-15 00:12:46,28.1844
2024-06-15 00:12:47,28.3113
2024-06-15 00:12:48,28.2876
2024-06-15 00:12:49,28.4044
2024-06-15 00:12:50,28.3122
2024-06-15 00:12:51,28.1247
2024-06-15 00:12:52,28.2177
2024-06-15 00:12:53,28.2073
2024-06-15 00:12:54,28.2606
2024-06-15 00:12:55,28.3446
2024-06-15 00:12:56,28.2541
2024-06-15 00:12:57,28.2546
2024-06-15 00:12:58,28.237
2024-06-15 00:12:59,28.3172
2024-06-15 00:13:00,28.1795
2024-06-15 00:13:01,28.0909
2024-06-15 00:13:02,28.3013
2024-06-15 00:13:03,28.2746
2024-06-15 00:13:04,28.3696
2024-06-15 00:13:05,27.9947
2024-06-15 00:13:06,28.2277
2024-06-15 00:13:07,28.2486
2024-06-15 00:13:08,28.087
2024-06-15 00:13:09,28.2297
2024-06-15 00:13:10,28.3572
2024-06-15 00:13:11,28.4474
2024-06-15 00:13:12,28.3372
2024-06-15 00:13:13,28.2067
2024-06-15 00:13:14,28.3655
2024-06-15 00:13:15,28.3307
2024-06-15 00:13:16,28.1914
2024-06-15 00:13:17,28.1818
2024-06-15 00:13:18,28.2234
2024-06-15 00:13:19,28.1353
2024-06-15 00:13:20,28.2096
2024-06-15 00:13:21,28.2895
2024-06-15 00:13:22,28.3449
2024-06-15 00:13:23,28.2034
2024-06-15 00:13:24,28.3803
2024-06-15 00:13:25,28.3067
2024-06-15 00:13:26,28.3114
2024-06-15 00:13:27,28.1502
2024-06-15 00:13:28,28.4231
2024-06-15 00:13:29,28.2978
2024-06-15 00:13:30,28.2094
2024-06-15 00:13:31,28.192
2024-06-15 00:13:32,28.2121
2024-06-15 00:13:33,28.1415
2024-06-15 00:13:34,28.3424
2024-06-15 00:13:35,28.1521
2024-06-15 00:13:36,28.2729
2024-06-15 00:13:37,28.1991
2024-06-15 00:13:38,28.3114
2024-06-15 00:13:39,28.3252
2024-06-15 00:13:40,28.1803
2024-06-15 00:13:41,28.2416
2024-06-15 00:13:42,28.1008
2024-06-15 00:13:43,28.4154
2024-06-15 00:13:44,28.3523
2024-06-15 00:13:45,28.1062
2024-06-15 00:13:46,28.1593
2024-06-15 00:13:47,28.2327
2024-06-15 00:13:48,28.2502
2024-06-15 00:13:49,28.1779
2024-06-15 00:13:50,28.1322
2024-06-15 00:13:51,28.2864
2024-06-15 00:13:52,28.4211
2024-06-15 00:13:53,28.2528
2024-06-15 00:13:54,28.2184
2024-06-15 00:13:55,28.208
2024-06-15 00:13:56,28.1383
2024-06-15 00:13:57,28.1809
2024-06-15 00:13:58,28.3619
2024-06-15 00:13:59,28.0414
2024-06-15 00:14:00,28.2557
2024-06-15 00:14:01,28.2517
2024-06-15 00:14:02,28.2609
2024-06-15 00:14:03,28.322
2024-06-15 00:14:04,28.2556
2024-06-15 00:14:05,28.2043
2024-06-15 00:14:06,28.1842
2024-06-15 00:14:07,28.3799
2024-06-15 00:14:08,28.3544
2024-06-15 00:14:09,28.5382
2024-06-15 00:14:10,28.2225
2024-06-15 00:14:11,28.187
2024-06-15 00:14:12,28.2963
2024-06-15 00:14:13,28.2941
2024-06-15 00:14:14,28.315
2024-06-15 00:14:15,28.3363
2024-06-15 00:14:16,28.3145
2024-06-15 00:14:17,28.3595
2024-06-15 00:14:18,28.373
2024-06-15 00:14:19,28.3749
2024-06-15 00:14:20,28.0264
2024-06-15 00:14:21,28.276
2024-06-15 00:14:22,28.1606
2024-06-15 00:14:23,28.3587
2024-06-15 00:14:24,28.0251
2024-06-15 00:14:25,28.4004
2024-06-15 00:14:26,28.1672
2024-06-15 00:14:27,28.1445
2024-06-15 00:14:28,28.2897
2024-06-15 00:14:29,28.2169
2024-06-15 00:14:30,28.4324
2024-06-15 00:14:31,28.3909
2024-06-15 00:14:32,28.2037
2024-06-15 00:14:33,28.3592
2024-06-15 00:14:34,28.2006
2024-06-15 00:14:35,28.1999
2024-06-15 00:14:36,28.3269
2024-06-15 00:14:37,28.4013
2024-06-15 00:14:38,28.2118
2024-06-15 00:14:39,28.2196
2024-06-15 00:14:40,28.2864
2024-06-15 00:14:41,28.167
2024-06-15 00:14:42,28.4132
2024-06-15 00:14:43,28.1664
2024-06-15 00:14:44,28.1937
2024-06-15 00:14:45,28.4339
2024-06-15 00:14:46,28.2788
2024-06-15 00:14:47,28.4519
2024-06-15 00:14:48,28.2358
2024-06-15 00:14:49,28.5098
2024-06-15 00:14:50,28.3196
2024-06-15 00:14:51,28.183
2024-06-15 00:14:52,28.1816
2024-06-15 00:14:53,28.1129
2024-06-15 00:14:54,28.124
2024-06-15 00:14:55,28.193
2024-06-15 00:14:56,28.1599
2024-06-15 00:14:57,28.0015
2024-06-15 00:14:58,28.3436
2024-06-15 00:14:59,28.3372
2024-06-15 00:15:00,28.2906
2024-06-15 00:15:01,28.1465
2024-06-15 00:15:02,28.4248
2024-06-15 00:15:03,28.2425
2024-06-15 00:15:04,28.1772
2024-06-15 00:15:05,28.2839
2024-06-15 00:15:06,28.2784
2024-06-15 00:15:07,28.0107
2024-06-15 00:15:08,28.2581
2024-06-15 00:15:09,28.2734
2024-06-15 00:15:10,28.2237
2024-06-15 00:15:11,28.1296
2024-06-15 00:15:12,28.1327
2024-06-15 00:15:13,28.3135
2024-06-15 00:15:14,28.3384
2024-06-15 00:15:15,28.2176
2024-06-15 00:15:16,28.3008
2024-06-15 00:15:17,28.2169
2024-06-15 00:15:18,28.1776
2024-06-15 00:15:19,28.2845
2024-06-15 00:15:20,28.1483
2024-06-15 00:15:21,28.4528
2024-06-15 00:15:22,28.1198
2024-06-15 00:15:23,28.2921
2024-06-15 00:15:24,28.2789
2024-06-15 00:15:25,28.2702
2024-06-15 00:15:26,28.4126
2024-06-15 00:15:27,27.9958
2024-06-15 00:15:28,28.3057
2024-06-15 00:15:29,28.2374
2024-06-15 00:15:30,28.3233
2024-06-15 00:15:31,28.2705
2024-06-15 00:15:32,28.2577
2024-06-15 00:15:33,28.1446
2024-06-15 00:15:34,28.1982
2024-06-15 00:15:35,28.5789
2024-06-15 00:15:36,28.3252
2024-06-15 00:15:37,28.3713
2024-06-15 00:15:38,28.231
2024-06-15 00:15:39,28.1808
2024-06-15 00:15:40,28.3441
2024-06-15 00:15:41,28.0763
2024-06-15 00:15:42,28.2018
2024-06-15 00:15:43,28.2315
2024-06-15 00:15:44,28.3616
2024-06-15 00:15:45,28.3087
2024-06-15 00:15:46,28.2202
2024-06-15 00:15:47,28.3045
2024-06-15 00:15:48,28.2375
2024-06-15 00:15:49,28.3749
2024-06-15 00:15:50,28.2917
2024-06-15 00:15:51,28.4419
2024-06-15 00:15:52,28.2406
2024-06-15 00:15:53,28.3911
2024-06-15 00:15:54,28.2778
2024-06-15 00:15:55,28.1991
2024-06-15 00:15:56,28.5292
2024-06-15 00:15:57,28.4001
2024-06-15 00:15:58,28.2928
2024-06-15 00:15:59,28.3461
2024-06-15 00:16:00,28.1614
2024-06-15 00:16:01,28.1651
2024-06-15 00:16:02,28.3814
2024-06-15 00:16:03,28.2706
2024-06-15 00:16:04,28.2547
2024-06-15 00:16:05,28.2416
2024-06-15 00:16:06,28.2858
2024-06-15 00:16:07,28.2453
2024-06-15 00:16:08,28.0676
2024-06-15 00:16:09,28.4126
2024-06-15 00:16:10,28.2601
2024-06-15 00:16:11,28.4545
2024-06-15 00:16:12,28.0952
2024-06-15 00:16:13,28.095
2024-06-15 00:16:14,28.2442
2024-06-15 00:16:15,28.3696
2024-06-15 00:16:16,28.1501
2024-06-15 00:16:17,28.1463
2024-06-15 00:16:18,28.3095
2024-06-15 00:16:19,28.2412
2024-06-15 00:16:20,28.327
2024-06-15 00:16:21,28.2433
2024-06-15 00:16:22,28.3114
2024-06-15 00:16:23,28.4097
2024-06-15 00:16:24,28.1515
2024-06-15 00:16:25,28.3918
2024-06-15 00:16:26,28.1031
2024-06-15 00:16:27,28.3346
2024-06-15 00:16:28,28.4157
2024-06-15 00:16:29,28.2215
2024-06-15 00:16:30,28.3385
2024-06-15 00:16:31,28.2255
2024-06-15 00:16:32,28.3329
2024-06-15 00:16:33,28.0486
2024-06-15 00:16:34,28.2908
2024-06-15 00:16:35,28.3143
2024-06-15 00:16:36,28.4094
2024-06-15 00:16:37,28.3676
2024-06-15 00:16:38,28.2591
2024-06-15 00:16:39,28.3021
2024-06-15 00:16:40,28.1309
2024-06-15 00:16:41,28.445
2024-06-15 00:16:42,28.3549
2024-06-15 00:16:43,28.1048
2024-06-15 00:16:44,28.3206
2024-06-15 00:16:45,28.3334
2024-06-15 00:16:46,28.2289
2024-06-15 00:16:47,28.3211
2024-06-15 00:16:48,28.2291
2024-06-15 00:16:49,28.1812
2024-06-15 00:16:50,28.2655
2024-06-15 00:16:51,28.3491
2024-06-15 00:16:52,28.4299
2024-06-15 00:16:53,28.3492
2024-06-15 00:16:54,28.4412
2024-06-15 00:16:55,28.4174
2024-06-15 00:16:56,28.2541
2024-06-15 00:16:57,28.4269
2024-06-15 00:16:58,28.4348
2024-06-15 00:16:59,28.5472
2024-06-15 00:17:00,28.4192
2024-06-15 00:17:01,28.2598
2024-06-15 00:17:02,28.333
2024-06-15 00:17:03,28.2083
2024-06-15 00:17:04,28.4497
2024-06-15 00:17:05,28.5692
2024-06-15 00:17:06,28.1698
2024-06-15 00:17:07,28.5837
2024-06-15 00:17:08,28.4689
2024-06-15 00:17:09,28.3167
2024-06-15 00:17:10,28.4551
2024-06-15 00:17:11,28.3301
2024-06-15 00:17:12,28.4837
2024-06-15 00:17:13,28.4512
2024-06-15 00:17:14,28.4829
2024-06-15 00:17:15,28.3632
2024-06-15 00:17:16,28.3829
2024-06-15 00:17:17,28.5155
2024-06-15 00:17:18,28.4202
2024-06-15 00:17:19,28.4905
2024-06-15 00:17:20,28.526
2024-06-15 00:17:21,28.4636
2024-06-15 00:17:22,28.6065
2024-06-15 00:17:23,28.4775
2024-06-15 00:17:24,28.4796
2024-06-15 00:17:25,28.4431
2024-06-15 00:17:26,28.6154
2024-06-15 00:17:27,28.4458
2024-06-15 00:17:28,28.6471
2024-06-15 00:17:29,28.5431
2024-06-15 00:17:30,28.8001
2024-06-15 00:17:31,28.471
2024-06-15 00:17:32,28.6697
2024-06-15 00:17:33,28.5983
2024-06-15 00:17:34,28.501
2024-06-15 00:17:35,28.6099
2024-06-15 00:17:36,28.6101
2024-06-15 00:17:37,28.5345
2024-06-15 00:17:38,28.6157
2024-06-15 00:17:39,28.6943
2024-06-15 00:17:40,28.6342
2024-06-15 00:17:41,28.5463
2024-06-15 00:17:42,28.5458
2024-06-15 00:17:43,28.5897
2024-06-15 00:17:44,28.7148
2024-06-15 00:17:45,28.5333
2024-06-15 00:17:46,28.653
2024-06-15 00:17:47,28.4626
2024-06-15 00:17:48,28.6835
2024-06-15 00:17:49,28.7043
2024-06-15 00:17:50,28.837
2024-06-15 00:17:51,28.7319
2024-06-15 00:17:52,28.6043
2024-06-15 00:17:53,28.4961
2024-06-15 00:17:54,28.7061
2024-06-15 00:17:55,28.6271
2024-06-15 00:17:56,28.6983
2024-06-15 00:17:57,28.598
2024-06-15 00:17:58,28.6578
2024-06-15 00:17:59,28.5102
2024-06-15 00:18:00,28.5807
2024-06-15 00:18:01,28.5717
2024-06-15 00:18:02,28.7828
2024-06-15 00:18:03,28.6179
2024-06-15 00:18:04,28.8435
2024-06-15 00:18:05,28.6291
2024-06-15 00:18:06,28.9256
2024-06-15 00:18:07,28.5262
2024-06-15 00:18:08,28.7686
2024-06-15 00:18:09,28.7351
2024-06-15 00:18:10,28.6152
2024-06-15 00:18:11,28.6864
2024-06-15 00:18:12,28.7205
2024-06-15 00:18:13,28.7767
2024-06-15 00:18:14,28.6631
2024-06-15 00:18:15,28.8044
2024-06-15 00:18:16,28.779
2024-06-15 00:18:17,28.85
2024-06-15 00:18:18,28.691
2024-06-15 00:18:19,28.7414
2024-06-15 00:18:20,28.9316
2024-06-15 00:18:21,28.7019
2024-06-15 00:18:22,28.6583
2024-06-15 00:18:23,28.7396
2024-06-15 00:18:24,28.6302
2024-06-15 00:18:25,28.9802
2024-06-15 00:18:26,28.7897
2024-06-15 00:18:27,28.7958
2024-06-15 00:18:28,28.9024
2024-06-15 00:18:29,28.7607
2024-06-15 00:18:30,28.8168
2024-06-15 00:18:31,28.7683
2024-06-15 00:18:32,28.6731
2024-06-15 00:18:33,28.8587
2024-06-15 00:18:34,28.9613
2024-06-15 00:18:35,28.8718
2024-06-15 00:18:36,28.9609
2024-06-15 00:18:37,28.7645
2024-06-15 00:18:38,28.8037
2024-06-15 00:18:39,28.7548
2024-06-15 00:18:40,28.926
2024-06-15 00:18:41,28.8627
2024-06-15 00:18:42,28.864
2024-06-15 00:18:43,28.9715
2024-06-15 00:18:44,28.8624
2024-06-15 00:18:45,29.0227
2024-06-15 00:18:46,28.9434
2024-06-15 00:18:47,28.8883
2024-06-15 00:18:48,28.7749
2024-06-15 00:18:49,29.0015
2024-06-15 00:18:50,28.9685
2024-06-15 00:18:51,28.9784
2024-06-15 00:18:52,28.9867
2024-06-15 00:18:53,28.9026
2024-06-15 00:18:54,28.9454
2024-06-15 00:18:55,28.9198
2024-06-15 00:18:56,29.0958
2024-06-15 00:18:57,28.9483
2024-06-15 00:18:58,28.919
2024-06-15 00:18:59,29.1179
2024-06-15 00:19:00,29.1121
2024-06-15 00:19:01,29.0198
2024-06-15 00:19:02,28.9883
2024-06-15 00:19:03,28.9684
2024-06-15 00:19:04,29.007
2024-06-15 00:19:05,28.929
2024-06-15 00:19:06,29.0699
2024-06-15 00:19:07,29.1919
2024-06-15 00:19:08,29.088
2024-06-15 00:19:09,28.9265
2024-06-15 00:19:10,29.0874
2024-06-15 00:19:11,29.0664
2024-06-15 00:19:12,29.0967
2024-06-15 00:19:13,28.9752
2024-06-15 00:19:14,29.0626
2024-06-15 00:19:15,29.1556
2024-06-15 00:19:16,28.9654
2024-06-15 00:19:17,29.0326
2024-06-15 00:19:18,29.0538
2024-06-15 00:19:19,29.1875
2024-06-15 00:19:20,29.2074
2024-06-15 00:19:21,28.9063
2024-06-15 00:19:22,29.2026
2024-06-15 00:19:23,29.2258
2024-06-15 00:19:24,29.2245
2024-06-15 00:19:25,29.0651
2024-06-15 00:19:26,29.1002
2024-06-15 00:19:27,28.9715
2024-06-15 00:19:28,28.9238
2024-06-15 00:19:29,29.1022
2024-06-15 00:19:30,29.1511
2024-06-15 00:19:31,29.1662
2024-06-15 00:19:32,29.2357
2024-06-15 00:19:33,29.4648
2024-06-15 00:19:34,29.1241
2024-06-15 00:19:35,29.0632
2024-06-15 00:19:36,29.2285
2024-06-15 00:19:37,29.2012
2024-06-15 00:19:38,29.1266
2024-06-15 00:19:39,29.2802
2024-06-15 00:19:40,29.113
2024-06-15 00:19:41,29.1864
2024-06-15 00:19:42,29.1972
2024-06-15 00:19:43,29.1146
2024-06-15 00:19:44,29.0435
2024-06-15 00:19:45,29.2414
2024-06-15 00:19:46,29.3614
2024-06-15 00:19:47,29.3257
2024-06-15 00:19:48,29.3375
2024-06-15 00:19:49,29.1599
2024-06-15 00:19:50,29.2662
2024-06-15 00:19:51,29.1075
2024-06-15 00:19:52,29.2718
2024-06-15 00:19:53,29.3989
2024-06-15 00:19:54,29.4071
2024-06-15 00:19:55,29.4732
2024-06-15 00:19:56,29.3741
2024-06-15 00:19:57,29.3278
2024-06-15 00:19:58,29.3728
2024-06-15 00:19:59,29.3584
2024-06-15 00:20:00,29.2147
2024-06-15 00:20:01,29.149
2024-06-15 00:20:02,29.3938
2024-06-15 00:20:03,29.52
2024-06-15 00:20:04,29.4081
2024-06-15 00:20:05,29.1319
2024-06-15 00:20:06,29.2739
2024-06-15 00:20:07,29.3112
2024-06-15 00:20:08,29.1503
2024-06-15 00:20:09,29.2033
2024-06-15 00:20:10,29.3423
2024-06-15 00:20:11,29.3772
2024-06-15 00:20:12,29.2575
2024-06-15 00:20:13,29.2189
2024-06-15 00:20:14,29.4856
2024-06-15 00:20:15,29.3331
2024-06-15 00:20:16,29.3524
2024-06-15 00:20:17,29.3267
2024-06-15 00:20:18,29.3094
2024-06-15 00:20:19,29.5218
2024-06-15 00:20:20,29.3086
2024-06-15 00:20:21,29.4196
2024-06-15 00:20:22,29.4075
2024-06-15 00:20:23,29.2169
2024-06-15 00:20:24,29.4409
2024-06-15 00:20:25,29.2674
2024-06-15 00:20:26,29.4904
2024-06-15 00:20:27,29.3133
2024-06-15 00:20:28,29.4892
2024-06-15 00:20:29,29.3991
2024-06-15 00:20:30,29.3796
2024-06-15 00:20:31,29.4732
2024-06-15 00:20:32,29.31
2024-06-15 00:20:33,29.4553
2024-06-15 00:20:34,29.5455
2024-06-15 00:20:35,29.5766
2024-06-15 00:20:36,29.4311
2024-06-15 00:20:37,29.4507
2024-06-15 00:20:38,29.3383
2024-06-15 00:20:39,29.4174
2024-06-15 00:20:40,29.3415
2024-06-15 00:20:41,29.5466
2024-06-15 00:20:42,29.5919
2024-06-15 00:20:43,29.4673
2024-06-15 00:20:44,29.4119
2024-06-15 00:20:45,29.5536
2024-06-15 00:20:46,29.441
2024-06-15 00:20:47,29.6
2024-06-15 00:20:48,29.7314
2024-06-15 00:20:49,29.4545
2024-06-15 00:20:50,29.4738
2024-06-15 00:20:51,29.4071
2024-06-15 00:20:52,29.5727
2024-06-15 00:20:53,29.5709
2024-06-15 00:20:54,29.5411
2024-06-15 00:20:55,29.5748
2024-06-15 00:20:56,29.4738
2024-06-15 00:20:57,29.4169
2024-06-15 00:20:58,29.5124
2024-06-15 00:20:59,29.4018
2024-06-15 00:21:00,29.5099
2024-06-15 00:21:01,29.6344
2024-06-15 00:21:02,29.6144
2024-06-15 00:21:03,29.4361
2024-06-15 00:21:04,29.7234
2024-06-15 00:21:05,29.6041
2024-06-15 00:21:06,29.4986
2024-06-15 00:21:07,29.5972
2024-06-15 00:21:08,29.5803
2024-06-15 00:21:09,29.5569
2024-06-15 00:21:10,29.73
2024-06-15 00:21:11,29.5431
2024-06-15 00:21:12,29.6772
2024-06-15 00:21:13,29.5297
2024-06-15 00:21:14,29.6651
2024-06-15 00:21:15,29.7004
2024-06-15 00:21:16,29.7056
2024-06-15 00:21:17,29.692
2024-06-15 00:21:18,29.665
2024-06-15 00:21:19,29.5876
2024-06-15 00:21:20,29.5938
2024-06-15 00:21:21,29.7339
2024-06-15 00:21:22,29.5829
2024-06-15 00:21:23,29.565
2024-06-15 00:21:24,29.8621
2024-06-15 00:21:25,29.6982
2024-06-15 00:21:26,29.7927
2024-06-15 00:21:27,-183.5734
2024-06-15 00:21:28,29.7443
2024-06-15 00:21:29,29.7066
2024-06-15 00:21:30,29.7133
2024-06-15 00:21:31,29.9151
2024-06-15 00:21:32,29.7034
2024-06-15 00:21:33,29.782
2024-06-15 00:21:34,29.8371
2024-06-15 00:21:35,29.7995
2024-06-15 00:21:36,29.8878
2024-06-15 00:21:37,29.7458
2024-06-15 00:21:38,29.8568
2024-06-15 00:21:39,29.615
2024-06-15 00:21:40,29.9342
2024-06-15 00:21:41,29.9168
2024-06-15 00:21:42,29.7791
2024-06-15 00:21:43,29.8584
2024-06-15 00:21:44,29.9087
2024-06-15 00:21:45,29.7208
2024-06-15 00:21:46,29.8152
2024-06-15 00:21:47,29.704
2024-06-15 00:21:48,29.9535
2024-06-15 00:21:49,29.9269
2024-06-15 00:21:50,29.8216
2024-06-15 00:21:51,29.815
2024-06-15 00:21:52,29.8448
2024-06-15 00:21:53,29.775
2024-06-15 00:21:54,29.8523
2024-06-15 00:21:55,29.771
2024-06-15 00:21:56,29.9696
2024-06-15 00:21:57,29.9985
2024-06-15 00:21:58,29.9843
2024-06-15 00:21:59,29.7754
2024-06-15 00:22:00,29.879
2024-06-15 00:22:01,29.9633
2024-06-15 00:22:02,29.9867
2024-06-15 00:22:03,29.731
2024-06-15 00:22:04,29.9939
2024-06-15 00:22:05,29.8005
2024-06-15 00:22:06,29.9145
2024-06-15 00:22:07,30.0606
2024-06-15 00:22:08,30.0521
2024-06-15 00:22:09,30.0775
2024-06-15 00:22:10,29.8433
2024-06-15 00:22:11,29.873
2024-06-15 00:22:12,29.9037
2024-06-15 00:22:13,29.9503
2024-06-15 00:22:14,29.9916
2024-06-15 00:22:15,30.1027
2024-06-15 00:22:16,29.8871
2024-06-15 00:22:17,29.9221
2024-06-15 00:22:18,30.1323
2024-06-15 00:22:19,29.8791
2024-06-15 00:22:20,30.0727
2024-06-15 00:22:21,29.9961
2024-06-15 00:22:22,30.0488
2024-06-15 00:22:23,29.9339
2024-06-15 00:22:24,30.0907
2024-06-15 00:22:25,29.9596
2024-06-15 00:22:26,29.888
2024-06-15 00:22:27,30.083
2024-06-15 00:22:28,29.7897
2024-06-15 00:22:29,29.9882
2024-06-15 00:22:30,30.0791
2024-06-15 00:22:31,30.1308
2024-06-15 00:22:32,30.1827
2024-06-15 00:22:33,30.2428
2024-06-15 00:22:34,30.2172
2024-06-15 00:22:35,30.0941
2024-06-15 00:22:36,30.1926
2024-06-15 00:22:37,30.1026
2024-06-15 00:22:38,30.1586
2024-06-15 00:22:39,30.035
2024-06-15 00:22:40,30.1462
2024-06-15 00:22:41,30.0577
2024-06-15 00:22:42,30.0926
2024-06-15 00:22:43,30.1615
2024-06-15 00:22:44,30.3291
2024-06-15 00:22:45,30.1644
2024-06-15 00:22:46,30.1288
2024-06-15 00:22:47,30.0518
2024-06-15 00:22:48,30.2296
2024-06-15 00:22:49,30.1114
2024-06-15 00:22:50,30.1873
2024-06-15 00:22:51,30.2251
2024-06-15 00:22:52,30.2863
2024-06-15 00:22:53,30.2491
2024-06-15 00:22:54,30.0475
2024-06-15 00:22:55,30.0032
2024-06-15 00:22:56,30.25
2024-06-15 00:22:57,30.1935
2024-06-15 00:22:58,30.229
2024-06-15 00:22:59,30.3668
2024-06-15 00:23:00,30.1382
2024-06-15 00:23:01,30.3339
2024-06-15 00:23:02,30.1491
2024-06-15 00:23:03,30.3713
2024-06-15 00:23:04,30.2948
2024-06-15 00:23:05,30.074
2024-06-15 00:23:06,30.188
2024-06-15 00:23:07,30.4263
2024-06-15 00:23:08,30.4187
2024-06-15 00:23:09,30.3051
2024-06-15 00:23:10,30.2851
2024-06-15 00:23:11,30.2786
2024-06-15 00:23:12,30.3033
2024-06-15 00:23:13,30.2505
2024-06-15 00:23:14,30.3907
2024-06-15 00:23:15,30.3324
2024-06-15 00:23:16,30.183
2024-06-15 00:23:17,30.3501
2024-06-15 00:23:18,30.306
2024-06-15 00:23:19,30.2633
2024-06-15 00:23:20,30.4893
2024-06-15 00:23:21,30.3148
2024-06-15 00:23:22,30.1138
2024-06-15 00:23:23,30.2903
2024-06-15 00:23:24,30.4188
2024-06-15 00:23:25,30.2317
2024-06-15 00:23:26,30.4253
2024-06-15 00:23:27,30.2346
2024-06-15 00:23:28,30.473
2024-06-15 00:23:29,30.287
2024-06-15 00:23:30,30.3141
2024-06-15 00:23:31,30.3117
2024-06-15 00:23:32,30.419
2024-06-15 00:23:33,30.5486
2024-06-15 00:23:34,30.3707
2024-06-15 00:23:35,30.3731
2024-06-15 00:23:36,30.3218
2024-06-15 00:23:37,30.2214
2024-06-15 00:23:38,30.3417
2024-06-15 00:23:39,30.2681
2024-06-15 00:23:40,30.2103
2024-06-15 00:23:41,30.3963
2024-06-15 00:23:42,30.3547
2024-06-15 00:23:43,30.5516
2024-06-15 00:23:44,30.3333
2024-06-15 00:23:45,30.4909
2024-06-15 00:23:46,30.4939
2024-06-15 00:23:47,30.5675
2024-06-15 00:23:48,30.4203
2024-06-15 00:23:49,30.5756
2024-06-15 00:23:50,30.5048
2024-06-15 00:23:51,30.5676
2024-06-15 00:23:52,30.6981
2024-06-15 00:23:53,30.4513
2024-06-15 00:23:54,30.4856
2024-06-15 00:23:55,30.4374
2024-06-15 00:23:56,30.6327
2024-06-15 00:23:57,30.7439
2024-06-15 00:23:58,30.5618
2024-06-15 00:23:59,30.3324
2024-06-15 00:24:00,30.41
2024-06-15 00:24:01,30.6193
2024-06-15 00:24:02,30.3938
2024-06-15 00:24:03,30.4532
2024-06-15 00:24:04,30.4546
2024-06-15 00:24:05,30.5155
2024-06-15 00:24:06,30.5538
2024-06-15 00:24:07,30.3441
2024-06-15 00:24:08,30.3853
2024-06-15 00:24:09,30.3927
2024-06-15 00:24:10,30.4096
2024-06-15 00:24:11,30.5545
2024-06-15 00:24:12,30.5773
2024-06-15 00:24:13,30.6642
2024-06-15 00:24:14,30.6233
2024-06-15 00:24:15,30.5145
2024-06-15 00:24:16,30.6007
2024-06-15 00:24:17,30.6881
2024-06-15 00:24:18,30.5649
2024-06-15 00:24:19,30.5615
2024-06-15 00:24:20,30.5031
2024-06-15 00:24:21,30.522
2024-06-15 00:24:22,30.676
2024-06-15 00:24:23,30.612
2024-06-15 00:24:24,30.8132
2024-06-15 00:24:25,30.5546
2024-06-15 00:24:26,30.7034
2024-06-15 00:24:27,30.6709
2024-06-15 00:24:28,30.6282
2024-06-15 00:24:29,30.5986
2024-06-15 00:24:30,30.7071
2024-06-15 00:24:31,30.7063
2024-06-15 00:24:32,30.6772
2024-06-15 00:24:33,30.7045
2024-06-15 00:24:34,30.6705
2024-06-15 00:24:35,30.5077
2024-06-15 00:24:36,30.6852
2024-06-15 00:24:37,30.6549
2024-06-15 00:24:38,30.8813
2024-06-15 00:24:39,30.755
2024-06-15 00:24:40,30.7167
2024-06-15 00:24:41,30.7478
2024-06-15 00:24:42,30.6042
2024-06-15 00:24:43,30.6504
2024-06-15 00:24:44,30.6829
2024-06-15 00:24:45,30.7601
2024-06-15 00:24:46,30.6828
2024-06-15 00:24:47,30.6811
2024-06-15 00:24:48,30.6294
2024-06-15 00:24:49,30.7436
2024-06-15 00:24:50,30.7626
2024-06-15 00:24:51,30.7938
2024-06-15 00:24:52,30.6863
2024-06-15 00:24:53,30.7979
2024-06-15 00:24:54,30.6618
2024-06-15 00:24:55,30.7488
2024-06-15 00:24:56,30.8058
2024-06-15 00:24:57,30.7548
2024-06-15 00:24:58,30.6294
2024-06-15 00:24:59,30.6462
2024-06-15 00:25:00,30.8175
2024-06-15 00:25:01,30.8583
2024-06-15 00:25:02,30.8393
2024-06-15 00:25:03,30.8706
2024-06-15 00:25:04,30.7871
2024-06-15 00:25:05,30.894
2024-06-15 00:25:06,30.8587
2024-06-15 00:25:07,30.7661
2024-06-15 00:25:08,30.8864
2024-06-15 00:25:09,30.8695
2024-06-15 00:25:10,31.0121
2024-06-15 00:25:11,30.9877
2024-06-15 00:25:12,30.8455
2024-06-15 00:25:13,30.8179
2024-06-15 00:25:14,31.0205
2024-06-15 00:25:15,30.9246
2024-06-15 00:25:16,30.857
2024-06-15 00:25:17,30.6804
2024-06-15 00:25:18,30.8087
2024-06-15 00:25:19,30.8067
2024-06-15 00:25:20,30.8795
2024-06-15 00:25:21,30.9609
2024-06-15 00:25:22,30.9811
2024-06-15 00:25:23,31.0589
2024-06-15 00:25:24,31.007
2024-06-15 00:25:25,30.7888
2024-06-15 00:25:26,31.0267
2024-06-15 00:25:27,31.102
2024-06-15 00:25:28,31.102
2024-06-15 00:25:29,30.8172
2024-06-15 00:25:30,30.9243
2024-06-15 00:25:31,31.0445
2024-06-15 00:25:32,30.8375
2024-06-15 00:25:33,30.7857
2024-06-15 00:25:34,30.9945
2024-06-15 00:25:35,30.9005
2024-06-15 00:25:36,30.8099
2024-06-15 00:25:37,31.1009
2024-06-15 00:25:38,30.9993
2024-06-15 00:25:39,30.9357
2024-06-15 00:25:40,30.8963
2024-06-15 00:25:41,31.0151
2024-06-15 00:25:42,31.0541
2024-06-15 00:25:43,31.0401
2024-06-15 00:25:44,30.8605
2024-06-15 00:25:45,31.065
2024-06-15 00:25:46,31.0917
2024-06-15 00:25:47,30.9928
2024-06-15 00:25:48,31.136
2024-06-15 00:25:49,30.9518
2024-06-15 00:25:50,31.171
2024-06-15 00:25:51,31.0601
2024-06-15 00:25:52,31.0021
2024-06-15 00:25:53,31.0248
2024-06-15 00:25:54,31.1615
2024-06-15 00:25:55,31.0902
2024-06-15 00:25:56,31.1359
2024-06-15 00:25:57,31.1838
2024-06-15 00:25:58,31.0287
2024-06-15 00:25:59,31.0989
2024-06-15 00:26:00,31.0686
2024-06-15 00:26:01,31.1977
2024-06-15 00:26:02,31.0627
2024-06-15 00:26:03,31.1106
2024-06-15 00:26:04,31.3403
2024-06-15 00:26:05,31.2442
2024-06-15 00:26:06,31.0171
2024-06-15 00:26:07,31.2157
2024-06-15 00:26:08,31.1993
2024-06-15 00:26:09,31.0252
2024-06-15 00:26:10,31.1292
2024-06-15 00:26:11,31.0504
2024-06-15 00:26:12,30.9108
2024-06-15 00:26:13,31.1404
2024-06-15 00:26:14,31.1093
2024-06-15 00:26:15,31.0547
2024-06-15 00:26:16,31.1687
2024-06-15 00:26:17,30.9625
2024-06-15 00:26:18,31.1836
2024-06-15 00:26:19,31.186
2024-06-15 00:26:20,31.2572
2024-06-15 00:26:21,31.0339
2024-06-15 00:26:22,31.4131
2024-06-15 00:26:23,31.3796
2024-06-15 00:26:24,31.1316
2024-06-15 00:26:25,31.3598
2024-06-15 00:26:26,31.3045
2024-06-15 00:26:27,31.1797
2024-06-15 00:26:28,31.1679
2024-06-15 00:26:29,31.1804
2024-06-15 00:26:30,31.521
2024-06-15 00:26:31,31.3793
2024-06-15 00:26:32,31.2279
2024-06-15 00:26:33,31.2414
2024-06-15 00:26:34,31.3427
2024-06-15 00:26:35,31.3433
2024-06-15 00:26:36,31.1721
2024-06-15 00:26:37,31.3024
2024-06-15 00:26:38,31.2223
2024-06-15 00:26:39,31.2977
2024-06-15 00:26:40,31.2826
2024-06-15 00:26:41,31.3941
2024-06-15 00:26:42,31.2704
2024-06-15 00:26:43,31.3139
2024-06-15 00:26:44,31.1192
2024-06-15 00:26:45,31.3443
2024-06-15 00:26:46,31.2389
2024-06-15 00:26:47,31.17
2024-06-15 00:26:48,31.4395
2024-06-15 00:26:49,31.3273
2024-06-15 00:26:50,31.1287
2024-06-15 00:26:51,31.2629
2024-06-15 00:26:52,31.3467
2024-06-15 00:26:53,31.3545
2024-06-15 00:26:54,31.306
2024-06-15 00:26:55,31.0243
2024-06-15 00:26:56,31.3106
2024-06-15 00:26:57,31.4777
2024-06-15 00:26:58,31.5158
2024-06-15 00:26:59,31.3197
2024-06-15 00:27:00,31.5737
2024-06-15 00:27:01,31.2285
2024-06-15 00:27:02,31.3141
2024-06-15 00:27:03,31.4891
2024-06-15 00:27:04,31.4783
2024-06-15 00:27:05,31.4088
2024-06-15 00:27:06,31.3028
2024-06-15 00:27:07,31.3074
2024-06-15 00:27:08,31.3519
2024-06-15 00:27:09,31.3215
2024-06-15 00:27:10,31.4473
2024-06-15 00:27:11,31.4299
2024-06-15 00:27:12,31.3279
2024-06-15 00:27:13,31.4134
2024-06-15 00:27:14,31.1888
2024-06-15 00:27:15,31.4926
2024-06-15 00:27:16,31.5352
2024-06-15 00:27:17,31.3772
2024-06-15 00:27:18,31.3947
2024-06-15 00:27:19,31.504
2024-06-15 00:27:20,31.4937
2024-06-15 00:27:21,31.5653
2024-06-15 00:27:22,31.4152
2024-06-15 00:27:23,31.4317
2024-06-15 00:27:24,31.4805
2024-06-15 00:27:25,31.4009
2024-06-15 00:27:26,31.4881
2024-06-15 00:27:27,31.4123
2024-06-15 00:27:28,31.5639
2024-06-15 00:27:29,31.4335
2024-06-15 00:27:30,31.5572
2024-06-15 00:27:31,31.6824
2024-06-15 00:27:32,31.5845
2024-06-15 00:27:33,31.5641
2024-06-15 00:27:34,31.4151
2024-06-15 00:27:35,31.6952
2024-06-15 00:27:36,31.6728
2024-06-15 00:27:37,31.5504
2024-06-15 00:27:38,31.5325
2024-06-15 00:27:39,31.4944
2024-06-15 00:27:40,31.7596
2024-06-15 00:27:41,31.664
2024-06-15 00:27:42,31.5146
2024-06-15 00:27:43,31.7053
2024-06-15 00:27:44,31.7341
2024-06-15 00:27:45,31.603
2024-06-15 00:27:46,31.5755
2024-06-15 00:27:47,31.5155
2024-06-15 00:27:48,31.6904
2024-06-15 00:27:49,31.5819
2024-06-15 00:27:50,31.5826
2024-06-15 00:27:51,31.6332
2024-06-15 00:27:52,31.5574
2024-06-15 00:27:53,31.7969
2024-06-15 00:27:54,31.7457
2024-06-15 00:27:55,31.6615
2024-06-15 00:27:56,31.5736
2024-06-15 00:27:57,31.5838
2024-06-15 00:27:58,31.5843
2024-06-15 00:27:59,31.5502
2024-06-15 00:28:00,31.7104
2024-06-15 00:28:01,31.6188
2024-06-15 00:28:02,31.6179
2024-06-15 00:28:03,31.6114
2024-06-15 00:28:04,31.798
2024-06-15 00:28:05,31.6266
2024-06-15 00:28:06,31.8343
2024-06-15 00:28:07,31.6835
2024-06-15 00:28:08,31.5926
2024-06-15 00:28:09,31.7689
2024-06-15 00:28:10,31.8156
2024-06-15 00:28:11,31.6459
2024-06-15 00:28:12,31.7429
2024-06-15 00:28:13,31.7733
2024-06-15 00:28:14,31.7559
2024-06-15 00:28:15,31.7053
2024-06-15 00:28:16,31.8442
2024-06-15 00:28:17,31.7358
2024-06-15 00:28:18,31.7052
2024-06-15 00:28:19,31.5941
2024-06-15 00:28:20,31.5999
2024-06-15 00:28:21,31.8019
2024-06-15 00:28:22,31.7775
2024-06-15 00:28:23,31.8788
2024-06-15 00:28:24,31.9079
2024-06-15 00:28:25,31.7753
2024-06-15 00:28:26,31.8995
2024-06-15 00:28:27,31.7533
2024-06-15 00:28:28,31.7994
2024-06-15 00:28:29,31.8014
2024-06-15 00:28:30,31.982
2024-06-15 00:28:31,31.7011
2024-06-15 00:28:32,31.8397
2024-06-15 00:28:33,31.769
2024-06-15 00:28:34,31.8136
2024-06-15 00:28:35,31.8142
2024-06-15 00:28:36,31.8604
2024-06-15 00:28:37,31.9928
2024-06-15 00:28:38,32.0531
2024-06-15 00:28:39,31.9334
2024-06-15 00:28:40,31.7747
2024-06-15 00:28:41,31.86
2024-06-15 00:28:42,31.9084
2024-06-15 00:28:43,31.8465
2024-06-15 00:28:44,31.8643
2024-06-15 00:28:45,31.8898
2024-06-15 00:28:46,31.979
2024-06-15 00:28:47,31.9596
2024-06-15 00:28:48,31.8504
2024-06-15 00:28:49,31.9756
2024-06-15 00:28:50,32.0936
2024-06-15 00:28:51,31.7747
2024-06-15 00:28:52,31.8871
2024-06-15 00:28:53,31.8844
2024-06-15 00:28:54,31.9485
2024-06-15 00:28:55,31.763
2024-06-15 00:28:56,32.0864
2024-06-15 00:28:57,31.9598
2024-06-15 00:28:58,31.9898
2024-06-15 00:28:59,31.983
2024-06-15 00:29:00,31.918
2024-06-15 00:29:01,32.0444
2024-06-15 00:29:02,31.9799
2024-06-15 00:29:03,31.7757
2024-06-15 00:29:04,31.9782
2024-06-15 00:29:05,31.9661
2024-06-15 00:29:06,32.0684
2024-06-15 00:29:07,32.2737
2024-06-15 00:29:08,32.0462
2024-06-15 00:29:09,32.2252
2024-06-15 00:29:10,31.9495
2024-06-15 00:29:11,31.9607
2024-06-15 00:29:12,32.0031
2024-06-15 00:29:13,32.0751
2024-06-15 00:29:14,31.9734
2024-06-15 00:29:15,31.8811
2024-06-15 00:29:16,32.0494
2024-06-15 00:29:17,31.9377
2024-06-15 00:29:18,32.1684
2024-06-15 00:29:19,32.1261
2024-06-15 00:29:20,31.9906
2024-06-15 00:29:21,32.1169
2024-06-15 00:29:22,32.0214
2024-06-15 00:29:23,32.0758
2024-06-15 00:29:24,32.0817
2024-06-15 00:29:25,32.0571
2024-06-15 00:29:26,32.1786
2024-06-15 00:29:27,31.9885
2024-06-15 00:29:28,32.1589
2024-06-15 00:29:29,32.1405
2024-06-15 00:29:30,31.9744
2024-06-15 00:29:31,32.0403
2024-06-15 00:29:32,32.0152
2024-06-15 00:29:33,32.0927
2024-06-15 00:29:34,32.1391
2024-06-15 00:29:35,32.0462
2024-06-15 00:29:36,32.2408
2024-06-15 00:29:37,32.2545
2024-06-15 00:29:38,32.277
2024-06-15 00:29:39,31.8866
2024-06-15 00:29:40,32.358
2024-06-15 00:29:41,32.1847
2024-06-15 00:29:42,32.1776
2024-06-15 00:29:43,32.1675
2024-06-15 00:29:44,32.0504
2024-06-15 00:29:45,32.2234
2024-06-15 00:29:46,32.3534
2024-06-15 00:29:47,32.2124
2024-06-15 00:29:48,32.0904
2024-06-15 00:29:49,32.0542
2024-06-15 00:29:50,32.1821
2024-06-15 00:29:51,32.142
2024-06-15 00:29:52,32.2915
2024-06-15 00:29:53,32.3631
2024-06-15 00:29:54,32.2778
2024-06-15 00:29:55,32.2272
2024-06-15 00:29:56,32.2272
2024-06-15 00:29:57,32.2524
2024-06-15 00:29:58,32.1342
2024-06-15 00:29:59,32.3152
2024-06-15 00:30:00,32.1517
2024-06-15 00:30:01,32.3762
2024-06-15 00:30:02,32.2331
2024-06-15 00:30:03,32.3574
2024-06-15 00:30:04,32.1318
2024-06-15 00:30:05,32.3663
2024-06-15 00:30:06,32.425
2024-06-15 00:30:07,32.1654
2024-06-15 00:30:08,32.287
2024-06-15 00:30:09,32.3367
2024-06-15 00:30:10,32.3464
2024-06-15 00:30:11,32.2789
2024-06-15 00:30:12,32.2661
2024-06-15 00:30:13,32.3478
2024-06-15 00:30:14,32.3626
2024-06-15 00:30:15,32.2694
2024-06-15 00:30:16,32.2545
2024-06-15 00:30:17,32.4629
2024-06-15 00:30:18,32.3574
2024-06-15 00:30:19,32.1243
2024-06-15 00:30:20,32.478
2024-06-15 00:30:21,32.3014
2024-06-15 00:30:22,32.3726
2024-06-15 00:30:23,32.4082
2024-06-15 00:30:24,32.2271
2024-06-15 00:30:25,32.3515
2024-06-15 00:30:26,32.5169
2024-06-15 00:30:27,32.4989
2024-06-15 00:30:28,32.3657
2024-06-15 00:30:29,32.4712
2024-06-15 00:30:30,32.4892
2024-06-15 00:30:31,32.4889
2024-06-15 00:30:32,32.2994
2024-06-15 00:30:33,32.583
2024-06-15 00:30:34,32.3773
2024-06-15 00:30:35,32.4394
2024-06-15 00:30:36,32.3982
2024-06-15 00:30:37,32.4611
2024-06-15 00:30:38,32.3565
2024-06-15 00:30:39,32.4252
2024-06-15 00:30:40,32.4708
2024-06-15 00:30:41,32.5798
2024-06-15 00:30:42,32.5726
2024-06-15 00:30:43,32.5824
2024-06-15 00:30:44,32.5587
2024-06-15 00:30:45,32.6613
2024-06-15 00:30:46,32.4524
2024-06-15 00:30:47,32.4704
2024-06-15 00:30:48,32.4711
2024-06-15 00:30:49,32.4897
2024-06-15 00:30:50,32.357
2024-06-15 00:30:51,32.5319
2024-06-15 00:30:52,32.5599
2024-06-15 00:30:53,32.4893
2024-06-15 00:30:54,32.3441
2024-06-15 00:30:55,32.5268
2024-06-15 00:30:56,32.4
2024-06-15 00:30:57,32.577
2024-06-15 00:30:58,32.551
2024-06-15 00:30:59,32.5656
2024-06-15 00:31:00,32.4426
2024-06-15 00:31:01,32.6797
2024-06-15 00:31:02,32.5753
2024-06-15 00:31:03,32.4717
2024-06-15 00:31:04,32.6259
2024-06-15 00:31:05,32.5825
2024-06-15 00:31:06,32.7612
2024-06-15 00:31:07,32.527
2024-06-15 00:31:08,32.4624
2024-06-15 00:31:09,32.6209
2024-06-15 00:31:10,32.698
2024-06-15 00:31:11,32.8338
2024-06-15 00:31:12,32.9482
2024-06-15 00:31:13,32.4559
2024-06-15 00:31:14,32.6024
2024-06-15 00:31:15,32.4963
2024-06-15 00:31:16,32.6008
2024-06-15 00:31:17,32.8781
2024-06-15 00:31:18,32.5532
2024-06-15 00:31:19,32.6377
2024-06-15 00:31:20,32.5867
2024-06-15 00:31:21,32.5492
2024-06-15 00:31:22,32.8336
2024-06-15 00:31:23,32.5052
2024-06-15 00:31:24,32.6557
2024-06-15 00:31:25,32.6775
2024-06-15 00:31:26,32.6702
2024-06-15 00:31:27,32.6467
2024-06-15 00:31:28,32.8445
2024-06-15 00:31:29,32.4767
2024-06-15 00:31:30,32.7364
2024-06-15 00:31:31,32.7456
2024-06-15 00:31:32,32.731
2024-06-15 00:31:33,32.624
2024-06-15 00:31:34,32.8324
2024-06-15 00:31:35,32.8322
2024-06-15 00:31:36,32.6349
2024-06-15 00:31:37,32.6065
2024-06-15 00:31:38,32.5919
2024-06-15 00:31:39,32.7584
2024-06-15 00:31:40,32.7453
2024-06-15 00:31:41,32.7093
2024-06-15 00:31:42,32.9584
2024-06-15 00:31:43,32.7089
2024-06-15 00:31:44,32.7786
2024-06-15 00:31:45,32.7452
2024-06-15 00:31:46,32.9657
2024-06-15 00:31:47,32.5752
2024-06-15 00:31:48,32.748
2024-06-15 00:31:49,32.8452
2024-06-15 00:31:50,32.7663
2024-06-15 00:31:51,32.6629
2024-06-15 00:31:52,32.8158
2024-06-15 00:31:53,32.6408
2024-06-15 00:31:54,32.8747
2024-06-15 00:31:55,32.7711
2024-06-15 00:31:56,32.7591
2024-06-15 00:31:57,32.9267
2024-06-15 00:31:58,32.7265
2024-06-15 00:31:59,32.6774
2024-06-15 00:32:00,32.7454
2024-06-15 00:32:01,33.0459
2024-06-15 00:32:02,32.7456
2024-06-15 00:32:03,32.8873
2024-06-15 00:32:04,32.9399
2024-06-15 00:32:05,32.7663
2024-06-15 00:32:06,32.7713
2024-06-15 00:32:07,32.8879
2024-06-15 00:32:08,32.8972
2024-06-15 00:32:09,33.0142
2024-06-15 00:32:10,32.8073
2024-06-15 00:32:11,32.8513
2024-06-15 00:32:12,33.1776
2024-06-15 00:32:13,32.7193
2024-06-15 00:32:14,32.7036
2024-06-15 00:32:15,32.7698
2024-06-15 00:32:16,33.0231
2024-06-15 00:32:17,32.8739
2024-06-15 00:32:18,32.8786
2024-06-15 00:32:19,32.8307
2024-06-15 00:32:20,33.0239
2024-06-15 00:32:21,32.8001
2024-06-15 00:32:22,32.8834
2024-06-15 00:32:23,32.8538
2024-06-15 00:32:24,32.6839
2024-06-15 00:32:25,32.9081
2024-06-15 00:32:26,32.9548
2024-06-15 00:32:27,32.8879
2024-06-15 00:32:28,32.9434
2024-06-15 00:32:29,32.9508
2024-06-15 00:32:30,32.9665
2024-06-15 00:32:31,32.8792
2024-06-15 00:32:32,32.8782
2024-06-15 00:32:33,32.9988
2024-06-15 00:32:34,32.8513
2024-06-15 00:32:35,32.9823
2024-06-15 00:32:36,33.172
2024-06-15 00:32:37,33.0094
2024-06-15 00:32:38,32.8354
2024-06-15 00:32:39,33.0408
2024-06-15 00:32:40,33.1094
2024-06-15 00:32:41,32.9528
2024-06-15 00:32:42,33.0072
2024-06-15 00:32:43,32.9541
2024-06-15 00:32:44,33.0004
2024-06-15 00:32:45,32.9849
2024-06-15 00:32:46,33.0998
2024-06-15 00:32:47,33.2268
2024-06-15 00:32:48,33.0714
2024-06-15 00:32:49,32.9163
2024-06-15 00:32:50,33.3282
2024-06-15 00:32:51,33.1383
2024-06-15 00:32:52,33.1634
2024-06-15 00:32:53,33.0832
2024-06-15 00:32:54,33.1176
2024-06-15 00:32:55,33.0649
2024-06-15 00:32:56,33.1942
2024-06-15 00:32:57,33.0609
2024-06-15 00:32:58,33.1623
2024-06-15 00:32:59,33.2151
2024-06-15 00:33:00,33.2475
2024-06-15 00:33:01,33.2309
2024-06-15 00:33:02,33.0301
2024-06-15 00:33:03,33.2945
2024-06-15 00:33:04,33.2084
2024-06-15 00:33:05,33.1773
2024-06-15 00:33:06,33.1936
2024-06-15 00:33:07,33.1405
2024-06-15 00:33:08,33.1144
2024-06-15 00:33:09,33.129
2024-06-15 00:33:10,33.2994
2024-06-15 00:33:11,33.1835
2024-06-15 00:33:12,33.2083
2024-06-15 00:33:13,33.1909
2024-06-15 00:33:14,33.1229
2024-06-15 00:33:15,32.9797
2024-06-15 00:33:16,33.276
2024-06-15 00:33:17,33.2702
2024-06-15 00:33:18,33.2075
2024-06-15 00:33:19,33.1044
2024-06-15 00:33:20,33.4003
2024-06-15 00:33:21,33.1889
2024-06-15 00:33:22,33.2526
2024-06-15 00:33:23,33.1622
2024-06-15 00:33:24,33.1023
2024-06-15 00:33:25,33.301
2024-06-15 00:33:26,33.0967
2024-06-15 00:33:27,33.2744
2024-06-15 00:33:28,33.2795
2024-06-15 00:33:29,33.1491
2024-06-15 00:33:30,33.1362
2024-06-15 00:33:31,33.1935
2024-06-15 00:33:32,33.2126
2024-06-15 00:33:33,33.1271
2024-06-15 00:33:34,33.1723
2024-06-15 00:33:35,33.2972
2024-06-15 00:33:36,33.4933
2024-06-15 00:33:37,33.3999
2024-06-15 00:33:38,33.3199
2024-06-15 00:33:39,33.4214
2024-06-15 00:33:40,33.4289
2024-06-15 00:33:41,33.2876
2024-06-15 00:33:42,33.3487
2024-06-15 00:33:43,33.4254
2024-06-15 00:33:44,33.4438
2024-06-15 00:33:45,33.4495
2024-06-15 00:33:46,33.2392
2024-06-15 00:33:47,33.4641
2024-06-15 00:33:48,33.5372
2024-06-15 00:33:49,33.5055
2024-06-15 00:33:50,33.2523
2024-06-15 00:33:51,33.2319
2024-06-15 00:33:52,33.4169
2024-06-15 00:33:53,33.5226
2024-06-15 00:33:54,33.4025
2024-06-15 00:33:55,33.3612
2024-06-15 00:33:56,33.3804
2024-06-15 00:33:57,33.4962
2024-06-15 00:33:58,33.3667
2024-06-15 00:33:59,33.4517
2024-06-15 00:34:00,33.3954
2024-06-15 00:34:01,33.3243
2024-06-15 00:34:02,33.3212
2024-06-15 00:34:03,33.4752
2024-06-15 00:34:04,33.1569
2024-06-15 00:34:05,33.4801
2024-06-15 00:34:06,33.4198
2024-06-15 00:34:07,33.5362
2024-06-15 00:34:08,33.5065
2024-06-15 00:34:09,33.4556
2024-06-15 00:34:10,33.3491
2024-06-15 00:34:11,33.3593
2024-06-15 00:34:12,33.4009
2024-06-15 00:34:13,33.557
2024-06-15 00:34:14,33.6517
2024-06-15 00:34:15,33.5126
2024-06-15 00:34:16,33.4254
2024-06-15 00:34:17,33.4406
2024-06-15 00:34:18,33.4499
2024-06-15 00:34:19,33.6026
2024-06-15 00:34:20,33.4575
2024-06-15 00:34:21,33.5037
2024-06-15 00:34:22,33.6473
2024-06-15 00:34:23,33.4608
2024-06-15 00:34:24,33.578
2024-06-15 00:34:25,33.6171
2024-06-15 00:34:26,33.5381
2024-06-15 00:34:27,33.7319
2024-06-15 00:34:28,33.7078
2024-06-15 00:34:29,33.5723
2024-06-15 00:34:30,33.4704
2024-06-15 00:34:31,33.4798
2024-06-15 00:34:32,33.5815
2024-06-15 00:34:33,33.456
2024-06-15 00:34:34,33.5966
2024-06-15 00:34:35,33.7432
2024-06-15 00:34:36,33.5854
2024-06-15 00:34:37,33.582
2024-06-15 00:34:38,33.674
2024-06-15 00:34:39,33.6459
2024-06-15 00:34:40,33.4833
2024-06-15 00:34:41,33.5573
2024-06-15 00:34:42,33.797
2024-06-15 00:34:43,33.6449
2024-06-15 00:34:44,33.5164
2024-06-15 00:34:45,33.6026
2024-06-15 00:34:46,33.4483
2024-06-15 00:34:47,33.4455
2024-06-15 00:34:48,33.7343
2024-06-15 00:34:49,33.6403
2024-06-15 00:34:50,33.6974
2024-06-15 00:34:51,33.766
2024-06-15 00:34:52,33.6889
2024-06-15 00:34:53,33.733
2024-06-15 00:34:54,33.6902
2024-06-15 00:34:55,33.7978
2024-06-15 00:34:56,33.8512
2024-06-15 00:34:57,33.6986
2024-06-15 00:34:58,33.6991
2024-06-15 00:34:59,33.7201
2024-06-15 00:35:00,33.6823
2024-06-15 00:35:01,33.6575
2024-06-15 00:35:02,33.8071
2024-06-15 00:35:03,33.6671
2024-06-15 00:35:04,33.6661
2024-06-15 00:35:05,33.8063
2024-06-15 00:35:06,33.8187
2024-06-15 00:35:07,33.9593
2024-06-15 00:35:08,33.8527
2024-06-15 00:35:09,33.8181
2024-06-15 00:35:10,33.8373
2024-06-15 00:35:11,33.7301
2024-06-15 00:35:12,33.8058
2024-06-15 00:35:13,33.8153
2024-06-15 00:35:14,33.7049
2024-06-15 00:35:15,33.7589
2024-06-15 00:35:16,33.8638
2024-06-15 00:35:17,33.7714
2024-06-15 00:35:18,33.8391
2024-06-15 00:35:19,33.8724
2024-06-15 00:35:20,33.8725
2024-06-15 00:35:21,33.9652
2024-06-15 00:35:22,33.7388
2024-06-15 00:35:23,33.9659
2024-06-15 00:35:24,33.8538
2024-06-15 00:35:25,33.8945
2024-06-15 00:35:26,33.8855
2024-06-15 00:35:27,33.8852
2024-06-15 00:35:28,33.7615
2024-06-15 00:35:29,33.9097
2024-06-15 00:35:30,33.6908
2024-06-15 00:35:31,34.0489
2024-06-15 00:35:32,33.8823
2024-06-15 00:35:33,33.9649
2024-06-15 00:35:34,33.9218
2024-06-15 00:35:35,33.862
2024-06-15 00:35:36,33.809
2024-06-15 00:35:37,33.7947
2024-06-15 00:35:38,33.9504
2024-06-15 00:35:39,33.9499
2024-06-15 00:35:40,33.9378
2024-06-15 00:35:41,33.8749
2024-06-15 00:35:42,33.9327
2024-06-15 00:35:43,33.8538
2024-06-15 00:35:44,33.8327
2024-06-15 00:35:45,33.8778
2024-06-15 00:35:46,33.8869
2024-06-15 00:35:47,34.0614
2024-06-15 00:35:48,33.7832
2024-06-15 00:35:49,33.9211
2024-06-15 00:35:50,33.9924
2024-06-15 00:35:51,34.1324
2024-06-15 00:35:52,33.8778
2024-06-15 00:35:53,33.8317
2024-06-15 00:35:54,34.0203
2024-06-15 00:35:55,33.9692
2024-06-15 00:35:56,33.9354
2024-06-15 00:35:57,34.0059
2024-06-15 00:35:58,34.0531
2024-06-15 00:35:59,34.0453
2024-06-15 00:36:00,34.0065
2024-06-15 00:36:01,34.1127
2024-06-15 00:36:02,34.0055
2024-06-15 00:36:03,33.9948
2024-06-15 00:36:04,34.0666
2024-06-15 00:36:05,33.8739
2024-06-15 00:36:06,34.0662
2024-06-15 00:36:07,33.979
2024-06-15 00:36:08,33.8811
2024-06-15 00:36:09,34.0613
2024-06-15 00:36:10,33.9777
2024-06-15 00:36:11,33.8668
2024-06-15 00:36:12,33.9458
2024-06-15 00:36:13,34.2066
2024-06-15 00:36:14,33.9867
2024-06-15 00:36:15,34.0794
2024-06-15 00:36:16,33.9434
2024-06-15 00:36:17,34.2666
2024-06-15 00:36:18,34.0681
2024-06-15 00:36:19,33.9975
2024-06-15 00:36:20,34.1591
2024-06-15 00:36:21,34.2804
2024-06-15 00:36:22,34.0392
2024-06-15 00:36:23,34.0144
2024-06-15 00:36:24,34.319
2024-06-15 00:36:25,34.0819
2024-06-15 00:36:26,34.0753
2024-06-15 00:36:27,33.8892
2024-06-15 00:36:28,34.105
2024-06-15 00:36:29,33.9775
2024-06-15 00:36:30,34.0617
2024-06-15 00:36:31,33.921
2024-06-15 00:36:32,34.2507
2024-06-15 00:36:33,33.9852
2024-06-15 00:36:34,33.9425
2024-06-15 00:36:35,34.0505
2024-06-15 00:36:36,34.2708
2024-06-15 00:36:37,34.1062
2024-06-15 00:36:38,34.1243
2024-06-15 00:36:39,34.208
2024-06-15 00:36:40,34.1497
2024-06-15 00:36:41,34.2934
2024-06-15 00:36:42,34.1503
2024-06-15 00:36:43,34.1567
2024-06-15 00:36:44,34.4101
2024-06-15 00:36:45,34.1939
2024-06-15 00:36:46,34.2162
2024-06-15 00:36:47,34.1768
2024-06-15 00:36:48,33.9597
2024-06-15 00:36:49,34.2945
2024-06-15 00:36:50,34.378
2024-06-15 00:36:51,34.3422
2024-06-15 00:36:52,34.1655
2024-06-15 00:36:53,34.2087
2024-06-15 00:36:54,34.2657
2024-06-15 00:36:55,34.2668
2024-06-15 00:36:56,34.3083
2024-06-15 00:36:57,34.2652
2024-06-15 00:36:58,34.2134
2024-06-15 00:36:59,34.268
2024-06-15 00:37:00,34.3589
2024-06-15 00:37:01,34.5553
2024-06-15 00:37:02,34.2185
2024-06-15 00:37:03,34.2957
2024-06-15 00:37:04,34.2415
2024-06-15 00:37:05,34.3132
2024-06-15 00:37:06,34.3848
2024-06-15 00:37:07,34.2711
2024-06-15 00:37:08,34.092
2024-06-15 00:37:09,34.4042
2024-06-15 00:37:10,34.319
2024-06-15 00:37:11,34.2765
2024-06-15 00:37:12,34.2589
2024-06-15 00:37:13,34.3512
2024-06-15 00:37:14,34.2552
2024-06-15 00:37:15,34.2716
2024-06-15 00:37:16,34.2094
2024-06-15 00:37:17,34.2707
2024-06-15 00:37:18,34.4067
2024-06-15 00:37:19,34.2102
2024-06-15 00:37:20,34.4682
2024-06-15 00:37:21,34.2398
2024-06-15 00:37:22,34.3774
2024-06-15 00:37:23,34.4156
2024-06-15 00:37:24,34.4543
2024-06-15 00:37:25,34.459
2024-06-15 00:37:26,34.3728
2024-06-15 00:37:27,34.3688
2024-06-15 00:37:28,34.4503
2024-06-15 00:37:29,34.4231
2024-06-15 00:37:30,34.3654
2024-06-15 00:37:31,34.4418
2024-06-15 00:37:32,34.3927
2024-06-15 00:37:33,-145.5996
2024-06-15 00:37:34,34.381
2024-06-15 00:37:35,34.4721
2024-06-15 00:37:36,34.3354
2024-06-15 00:37:37,34.5435
2024-06-15 00:37:38,34.3818
2024-06-15 00:37:39,34.2163
2024-06-15 00:37:40,34.5022
2024-06-15 00:37:41,34.1815
2024-06-15 00:37:42,34.3552
2024-06-15 00:37:43,34.7033
2024-06-15 00:37:44,34.5717
2024-06-15 00:37:45,34.5682
2024-06-15 00:37:46,34.3633
2024-06-15 00:37:47,34.4612
2024-06-15 00:37:48,34.6087
2024-06-15 00:37:49,34.5532
2024-06-15 00:37:50,34.6075
2024-06-15 00:37:51,34.6768
2024-06-15 00:37:52,34.5693
2024-06-15 00:37:53,34.3849
2024-06-15 00:37:54,34.5725
2024-06-15 00:37:55,34.4938
2024-06-15 00:37:56,34.393
2024-06-15 00:37:57,34.6162
2024-06-15 00:37:58,34.6517
2024-06-15 00:37:59,34.5268
2024-06-15 00:38:00,34.5729
2024-06-15 00:38:01,34.3383
2024-06-15 00:38:02,34.6626
2024-06-15 00:38:03,34.6342
2024-06-15 00:38:04,34.5846
2024-06-15 00:38:05,34.4391
2024-06-15 00:38:06,34.4046
2024-06-15 00:38:07,34.7763
2024-06-15 00:38:08,34.4784
2024-06-15 00:38:09,34.5965
2024-06-15 00:38:10,34.4909
2024-06-15 00:38:11,34.3635
2024-06-15 00:38:12,34.6419
2024-06-15 00:38:13,34.6622
2024-06-15 00:38:14,34.4396
2024-06-15 00:38:15,34.722
2024-06-15 00:38:16,34.5632
2024-06-15 00:38:17,34.5123
2024-06-15 00:38:18,34.5104
2024-06-15 00:38:19,34.7171
2024-06-15 00:38:20,34.4423
2024-06-15 00:38:21,34.5151
2024-06-15 00:38:22,34.6872
2024-06-15 00:38:23,34.6786
2024-06-15 00:38:24,34.5512
2024-06-15 00:38:25,34.7867
2024-06-15 00:38:26,34.5515
2024-06-15 00:38:27,34.6466
2024-06-15 00:38:28,34.638
2024-06-15 00:38:29,34.6431
2024-06-15 00:38:30,34.662
2024-06-15 00:38:31,34.6637
2024-06-15 00:38:32,34.6671
2024-06-15 00:38:33,34.6774
2024-06-15 00:38:34,34.8088
2024-06-15 00:38:35,34.6817
2024-06-15 00:38:36,34.7788
2024-06-15 00:38:37,34.7292
2024-06-15 00:38:38,34.7556
2024-06-15 00:38:39,34.8015
2024-06-15 00:38:40,34.6143
2024-06-15 00:38:41,34.7958
2024-06-15 00:38:42,34.7165
2024-06-15 00:38:43,34.6463
2024-06-15 00:38:44,34.8247
2024-06-15 00:38:45,34.7092
2024-06-15 00:38:46,34.7942
2024-06-15 00:38:47,34.4899
2024-06-15 00:38:48,34.8384
2024-06-15 00:38:49,35.0295
2024-06-15 00:38:50,34.7744
2024-06-15 00:38:51,34.7535
2024-06-15 00:38:52,34.7384
2024-06-15 00:38:53,34.8448
2024-06-15 00:38:54,34.7635
2024-06-15 00:38:55,34.8634
2024-06-15 00:38:56,34.9755
2024-06-15 00:38:57,34.8921
2024-06-15 00:38:58,34.7952
2024-06-15 00:38:59,34.7058
2024-06-15 00:39:00,34.7812
2024-06-15 00:39:01,34.8106
2024-06-15 00:39:02,34.6995
2024-06-15 00:39:03,34.9448
2024-06-15 00:39:04,34.8977
2024-06-15 00:39:05,34.7406
2024-06-15 00:39:06,34.6722
2024-06-15 00:39:07,34.9266
2024-06-15 00:39:08,34.6951
2024-06-15 00:39:09,34.8725
2024-06-15 00:39:10,34.8279
2024-06-15 00:39:11,34.9535
2024-06-15 00:39:12,34.9593
2024-06-15 00:39:13,34.8007
2024-06-15 00:39:14,34.9763
2024-06-15 00:39:15,34.8633
2024-06-15 00:39:16,34.8988
2024-06-15 00:39:17,34.9055
2024-06-15 00:39:18,35.1311
2024-06-15 00:39:19,34.899
2024-06-15 00:39:20,34.7484
2024-06-15 00:39:21,34.8488
2024-06-15 00:39:22,34.9988
2024-06-15 00:39:23,34.9012
2024-06-15 00:39:24,34.9358
2024-06-15 00:39:25,34.8958
2024-06-15 00:39:26,34.662
2024-06-15 00:39:27,34.8706
2024-06-15 00:39:28,34.9453
2024-06-15 00:39:29,34.7808
2024-06-15 00:39:30,34.8445
2024-06-15 00:39:31,34.9331
2024-06-15 00:39:32,34.9386
2024-06-15 00:39:33,35.0159
2024-06-15 00:39:34,34.9534
2024-06-15 00:39:35,35.0215
2024-06-15 00:39:36,34.9204
2024-06-15 00:39:37,35.0163
2024-06-15 00:39:38,35.1469
2024-06-15 00:39:39,35.0334
2024-06-15 00:39:40,34.9856
2024-06-15 00:39:41,34.9195
2024-06-15 00:39:42,35.0272
2024-06-15 00:39:43,35.0014
2024-06-15 00:39:44,35.084
2024-06-15 00:39:45,34.8503
2024-06-15 00:39:46,35.0184
2024-06-15 00:39:47,35.0838
2024-06-15 00:39:48,35.0595
2024-06-15 00:39:49,35.018
2024-06-15 00:39:50,35.0212
2024-06-15 00:39:51,34.9507
2024-06-15 00:39:52,35.1031
2024-06-15 00:39:53,35.1124
2024-06-15 00:39:54,34.9333
2024-06-15 00:39:55,35.1557
2024-06-15 00:39:56,35.0185
2024-06-15 00:39:57,35.051
2024-06-15 00:39:58,35.2787
2024-06-15 00:39:59,35.2581
2024-06-15 00:40:00,34.9579
2024-06-15 00:40:01,34.9794
2024-06-15 00:40:02,35.0069
2024-06-15 00:40:03,35.2752
2024-06-15 00:40:04,35.0606
2024-06-15 00:40:05,34.9785
2024-06-15 00:40:06,35.2539
2024-06-15 00:40:07,35.1947
2024-06-15 00:40:08,35.3651
2024-06-15 00:40:09,35.2038
2024-06-15 00:40:10,35.1461
2024-06-15 00:40:11,35.1793
2024-06-15 00:40:12,35.1134
2024-06-15 00:40:13,35.2939
2024-06-15 00:40:14,35.3038
2024-06-15 00:40:15,35.0144
2024-06-15 00:40:16,35.2716
2024-06-15 00:40:17,35.0749
2024-06-15 00:40:18,35.4281
2024-06-15 00:40:19,35.3431
2024-06-15 00:40:20,35.0822
2024-06-15 00:40:21,35.2246
2024-06-15 00:40:22,35.3047
2024-06-15 00:40:23,35.1477
2024-06-15 00:40:24,35.0781
2024-06-15 00:40:25,35.2295
2024-06-15 00:40:26,35.2081
2024-06-15 00:40:27,35.1373
2024-06-15 00:40:28,35.357
2024-06-15 00:40:29,35.1091
2024-06-15 00:40:30,35.2319
2024-06-15 00:40:31,35.2656
2024-06-15 00:40:32,35.2829
2024-06-15 00:40:33,35.3698
2024-06-15 00:40:34,35.2374
2024-06-15 00:40:35,35.0057
2024-06-15 00:40:36,35.232
2024-06-15 00:40:37,35.3479
2024-06-15 00:40:38,35.2656
2024-06-15 00:40:39,35.271
2024-06-15 00:40:40,35.342
2024-06-15 00:40:41,35.3599
2024-06-15 00:40:42,35.1201
2024-06-15 00:40:43,35.3015
2024-06-15 00:40:44,35.2885
2024-06-15 00:40:45,35.3202
2024-06-15 00:40:46,35.1204
2024-06-15 00:40:47,35.4544
2024-06-15 00:40:48,35.3274
2024-06-15 00:40:49,35.3739
2024-06-15 00:40:50,35.5126
2024-06-15 00:40:51,35.3842
2024-06-15 00:40:52,35.1914
2024-06-15 00:40:53,35.3414
2024-06-15 00:40:54,35.4222
2024-06-15 00:40:55,35.365
2024-06-15 00:40:56,35.5347
2024-06-15 00:40:57,35.2831
2024-06-15 00:40:58,35.4979
2024-06-15 00:40:59,35.4619
2024-06-15 00:41:00,35.3916
2024-06-15 00:41:01,35.4205
2024-06-15 00:41:02,35.2943
2024-06-15 00:41:03,35.366
2024-06-15 00:41:04,35.4591
2024-06-15 00:41:05,35.3911
2024-06-15 00:41:06,35.4167
2024-06-15 00:41:07,35.5146
2024-06-15 00:41:08,35.2293
2024-06-15 00:41:09,35.4616
2024-06-15 00:41:10,35.607
2024-06-15 00:41:11,35.3963
2024-06-15 00:41:12,35.3142
2024-06-15 00:41:13,35.4044
2024-06-15 00:41:14,35.2963
2024-06-15 00:41:15,35.4752
2024-06-15 00:41:16,35.4499
2024-06-15 00:41:17,35.4938
2024-06-15 00:41:18,35.4535
2024-06-15 00:41:19,35.4909
2024-06-15 00:41:20,35.521
2024-06-15 00:41:21,35.3609
2024-06-15 00:41:22,35.5199
2024-06-15 00:41:23,35.6348
2024-06-15 00:41:24,35.3984
2024-06-15 00:41:25,35.5301
2024-06-15 00:41:26,35.6334
2024-06-15 00:41:27,35.3931
2024-06-15 00:41:28,35.593
2024-06-15 00:41:29,35.4957
2024-06-15 00:41:30,35.6237
2024-06-15 00:41:31,35.4448
2024-06-15 00:41:32,35.531
2024-06-15 00:41:33,35.3847
2024-06-15 00:41:34,35.5849
2024-06-15 00:41:35,35.5908
2024-06-15 00:41:36,35.6046
2024-06-15 00:41:37,35.6044
2024-06-15 00:41:38,35.5508
2024-06-15 00:41:39,35.4168
2024-06-15 00:41:40,35.6684
2024-06-15 00:41:41,35.57
2024-06-15 00:41:42,35.6179
2024-06-15 00:41:43,35.5646
2024-06-15 00:41:44,35.7837
2024-06-15 00:41:45,35.5357
2024-06-15 00:41:46,35.5365
2024-06-15 00:41:47,35.4456
2024-06-15 00:41:48,35.6178
2024-06-15 00:41:49,35.797
2024-06-15 00:41:50,35.6283
2024-06-15 00:41:51,35.6432
2024-06-15 00:41:52,35.7224
2024-06-15 00:41:53,35.646
2024-06-15 00:41:54,35.7543
2024-06-15 00:41:55,35.7739
2024-06-15 00:41:56,35.5844
2024-06-15 00:41:57,35.5054
2024-06-15 00:41:58,35.722
2024-06-15 00:41:59,35.69
2024-06-15 00:42:00,35.5578
2024-06-15 00:42:01,35.5992
2024-06-15 00:42:02,35.6036
2024-06-15 00:42:03,35.6911
2024-06-15 00:42:04,35.7807
2024-06-15 00:42:05,35.791
2024-06-15 00:42:06,35.7694
2024-06-15 00:42:07,35.6658
2024-06-15 00:42:08,35.9217
2024-06-15 00:42:09,35.7076
2024-06-15 00:42:10,35.6701
2024-06-15 00:42:11,35.577
2024-06-15 00:42:12,35.6835
2024-06-15 00:42:13,35.7668
2024-06-15 00:42:14,35.569
2024-06-15 00:42:15,35.6368
2024-06-15 00:42:16,35.6902
2024-06-15 00:42:17,35.664
2024-06-15 00:42:18,35.6604
2024-06-15 00:42:19,35.8633
2024-06-15 00:42:20,35.5905
2024-06-15 00:42:21,35.7777
2024-06-15 00:42:22,35.8168
2024-06-15 00:42:23,35.7211
2024-06-15 00:42:24,35.7515
2024-06-15 00:42:25,35.7748
2024-06-15 00:42:26,35.8469
2024-06-15 00:42:27,35.9412
2024-06-15 00:42:28,35.6643
2024-06-15 00:42:29,35.7058
2024-06-15 00:42:30,35.7155
2024-06-15 00:42:31,35.8055
2024-06-15 00:42:32,35.7714
2024-06-15 00:42:33,35.8827
2024-06-15 00:42:34,35.7551
2024-06-15 00:42:35,35.7365
2024-06-15 00:42:36,35.7537
2024-06-15 00:42:37,35.8463
2024-06-15 00:42:38,35.9357
2024-06-15 00:42:39,35.8396
2024-06-15 00:42:40,35.7928
2024-06-15 00:42:41,35.7502
2024-06-15 00:42:42,36.0041
2024-06-15 00:42:43,35.6865
2024-06-15 00:42:44,35.8487
2024-06-15 00:42:45,35.9459
2024-06-15 00:42:46,35.8566
2024-06-15 00:42:47,35.8246
2024-06-15 00:42:48,35.9395
2024-06-15 00:42:49,35.7812
2024-06-15 00:42:50,35.7211
2024-06-15 00:42:51,35.9352
2024-06-15 00:42:52,35.805
2024-06-15 00:42:53,35.9223
2024-06-15 00:42:54,35.9015
2024-06-15 00:42:55,35.9446
2024-06-15 00:42:56,35.9004
2024-06-15 00:42:57,35.9829
2024-06-15 00:42:58,35.8621
2024-06-15 00:42:59,36.0152
2024-06-15 00:43:00,35.82
2024-06-15 00:43:01,36.0637
2024-06-15 00:43:02,36.1562
2024-06-15 00:43:03,35.9665
2024-06-15 00:43:04,36.1173
2024-06-15 00:43:05,36.1479
2024-06-15 00:43:06,35.9376
2024-06-15 00:43:07,35.9791
2024-06-15 00:43:08,35.8976
2024-06-15 00:43:09,35.9087
2024-06-15 00:43:10,36.0116
2024-06-15 00:43:11,35.8294
2024-06-15 00:43:12,36.0811
2024-06-15 00:43:13,36.019
2024-06-15 00:43:14,36.075
2024-06-15 00:43:15,35.9934
2024-06-15 00:43:16,36.0835
2024-06-15 00:43:17,36.0456
2024-06-15 00:43:18,36.0762
2024-06-15 00:43:19,36.1203
2024-06-15 00:43:20,35.9083
2024-06-15 00:43:21,35.9692
2024-06-15 00:43:22,36.2756
2024-06-15 00:43:23,36.0695
2024-06-15 00:43:24,35.8818
2024-06-15 00:43:25,35.887
2024-06-15 00:43:26,36.0552
2024-06-15 00:43:27,36.0151
2024-06-15 00:43:28,35.9914
2024-06-15 00:43:29,36.256
2024-06-15 00:43:30,36.0444
2024-06-15 00:43:31,36.1681
2024-06-15 00:43:32,36.1157
2024-06-15 00:43:33,36.0658
2024-06-15 00:43:34,35.9858
2024-06-15 00:43:35,36.1815
2024-06-15 00:43:36,35.8748
2024-06-15 00:43:37,36.201
2024-06-15 00:43:38,36.1337
2024-06-15 00:43:39,36.1851
2024-06-15 00:43:40,36.1287
2024-06-15 00:43:41,36.0091
2024-06-15 00:43:42,36.1773
2024-06-15 00:43:43,36.2267
2024-06-15 00:43:44,36.0986
2024-06-15 00:43:45,36.2169
2024-06-15 00:43:46,36.1855
2024-06-15 00:43:47,36.2055
2024-06-15 00:43:48,36.0791
2024-06-15 00:43:49,36.298
2024-06-15 00:43:50,36.204
2024-06-15 00:43:51,36.2622
2024-06-15 00:43:52,36.1449
2024-06-15 00:43:53,36.2866
2024-06-15 00:43:54,36.1508
2024-06-15 00:43:55,36.1085
2024-06-15 00:43:56,36.3795
2024-06-15 00:43:57,35.9697
2024-06-15 00:43:58,36.5106
2024-06-15 00:43:59,36.2864
2024-06-15 00:44:00,36.1894
2024-06-15 00:44:01,36.2582
2024-06-15 00:44:02,36.3005
2024-06-15 00:44:03,36.2016
2024-06-15 00:44:04,36.4431
2024-06-15 00:44:05,36.3917
2024-06-15 00:44:06,36.5215
2024-06-15 00:44:07,36.1313
2024-06-15 00:44:08,36.2797
2024-06-15 00:44:09,36.1241
2024-06-15 00:44:10,36.1583
2024-06-15 00:44:11,36.2395
2024-06-15 00:44:12,36.2459
2024-06-15 00:44:13,36.3184
2024-06-15 00:44:14,36.275
2024-06-15 00:44:15,36.3707
2024-06-15 00:44:16,36.3272
2024-06-15 00:44:17,36.4648
2024-06-15 00:44:18,36.3875
2024-06-15 00:44:19,36.1914
2024-06-15 00:44:20,36.2994
2024-06-15 00:44:21,36.3108
2024-06-15 00:44:22,36.3673
2024-06-15 00:44:23,36.4354
2024-06-15 00:44:24,36.3608
2024-06-15 00:44:25,36.395
2024-06-15 00:44:26,36.2284
2024-06-15 00:44:27,36.3006
2024-06-15 00:44:28,36.16
2024-06-15 00:44:29,36.4
2024-06-15 00:44:30,36.4446
2024-06-15 00:44:31,36.2332
2024-06-15 00:44:32,36.3856
2024-06-15 00:44:33,36.3642
2024-06-15 00:44:34,36.5479
2024-06-15 00:44:35,36.2943
2024-06-15 00:44:36,36.4802
2024-06-15 00:44:37,36.5073
2024-06-15 00:44:38,36.3782
2024-06-15 00:44:39,36.4316
2024-06-15 00:44:40,36.5147
2024-06-15 00:44:41,36.3017
2024-06-15 00:44:42,36.3736
2024-06-15 00:44:43,36.4396
2024-06-15 00:44:44,36.632
2024-06-15 00:44:45,36.3903
2024-06-15 00:44:46,36.408
2024-06-15 00:44:47,36.5942
2024-06-15 00:44:48,36.5105
2024-06-15 00:44:49,36.6671
2024-06-15 00:44:50,36.5628
2024-06-15 00:44:51,36.4435
2024-06-15 00:44:52,36.434
2024-06-15 00:44:53,36.385
2024-06-15 00:44:54,36.3416
2024-06-15 00:44:55,36.5108
2024-06-15 00:44:56,36.5441
2024-06-15 00:44:57,36.5608
2024-06-15 00:44:58,36.4784
2024-06-15 00:44:59,36.6884
2024-06-15 00:45:00,36.3642
2024-06-15 00:45:01,36.3575
2024-06-15 00:45:02,36.4273
2024-06-15 00:45:03,36.5145
2024-06-15 00:45:04,36.4089
2024-06-15 00:45:05,36.6579
2024-06-15 00:45:06,36.454
2024-06-15 00:45:07,36.4408
2024-06-15 00:45:08,36.6427
2024-06-15 00:45:09,36.5626
2024-06-15 00:45:10,36.625
2024-06-15 00:45:11,36.5464
2024-06-15 00:45:12,36.583
2024-06-15 00:45:13,36.4171
2024-06-15 00:45:14,36.5503
2024-06-15 00:45:15,36.465
2024-06-15 00:45:16,36.7699
2024-06-15 00:45:17,36.7083
2024-06-15 00:45:18,36.5183
2024-06-15 00:45:19,36.5676
2024-06-15 00:45:20,36.577
2024-06-15 00:45:21,36.8131
2024-06-15 00:45:22,36.642
2024-06-15 00:45:23,36.5642
2024-06-15 00:45:24,36.6263
2024-06-15 00:45:25,36.4626
2024-06-15 00:45:26,36.6136
2024-06-15 00:45:27,36.5175
2024-06-15 00:45:28,36.4455
2024-06-15 00:45:29,36.8335
2024-06-15 00:45:30,36.6368
2024-06-15 00:45:31,36.567
2024-06-15 00:45:32,36.4791
2024-06-15 00:45:33,36.6314
2024-06-15 00:45:34,36.6432
2024-06-15 00:45:35,36.7393
2024-06-15 00:45:36,36.5721
2024-06-15 00:45:37,36.6187
2024-06-15 00:45:38,36.5843
2024-06-15 00:45:39,36.6596
2024-06-15 00:45:40,36.4867
2024-06-15 00:45:41,36.6103
2024-06-15 00:45:42,36.7583
2024-06-15 00:45:43,36.5775
2024-06-15 00:45:44,36.8046
2024-06-15 00:45:45,36.7966
2024-06-15 00:45:46,36.8097
2024-06-15 00:45:47,36.7181
2024-06-15 00:45:48,36.7138
2024-06-15 00:45:49,36.7599
2024-06-15 00:45:50,36.8646
2024-06-15 00:45:51,36.8601
2024-06-15 00:45:52,36.5756
2024-06-15 00:45:53,36.6591
2024-06-15 00:45:54,36.6458
2024-06-15 00:45:55,36.8285
2024-06-15 00:45:56,36.6925
2024-06-15 00:45:57,36.7448
2024-06-15 00:45:58,36.9406
2024-06-15 00:45:59,36.8865
2024-06-15 00:46:00,36.9167
2024-06-15 00:46:01,36.712
2024-06-15 00:46:02,36.5112
2024-06-15 00:46:03,36.7535
2024-06-15 00:46:04,36.6537
2024-06-15 00:46:05,36.6079
2024-06-15 00:46:06,36.9199
2024-06-15 00:46:07,36.7225
2024-06-15 00:46:08,36.7356
2024-06-15 00:46:09,36.7844
2024-06-15 00:46:10,36.9902
2024-06-15 00:46:11,36.8141
2024-06-15 00:46:12,36.9301
2024-06-15 00:46:13,36.808
2024-06-15 00:46:14,36.6862
2024-06-15 00:46:15,36.7299
2024-06-15 00:46:16,36.8531
2024-06-15 00:46:17,36.8689
2024-06-15 00:46:18,36.9171
2024-06-15 00:46:19,36.9218
2024-06-15 00:46:20,36.9621
2024-06-15 00:46:21,36.7999
2024-06-15 00:46:22,37.0641
2024-06-15 00:46:23,37.0779
2024-06-15 00:46:24,36.8387
2024-06-15 00:46:25,36.816
2024-06-15 00:46:26,36.7215
2024-06-15 00:46:27,36.9218
2024-06-15 00:46:28,36.9546
2024-06-15 00:46:29,36.8561
2024-06-15 00:46:30,36.9469
2024-06-15 00:46:31,36.7845
2024-06-15 00:46:32,37.0247
2024-06-15 00:46:33,36.8795
2024-06-15 00:46:34,36.9661
2024-06-15 00:46:35,36.9629
2024-06-15 00:46:36,36.7505
2024-06-15 00:46:37,37.0346
2024-06-15 00:46:38,36.8774
2024-06-15 00:46:39,36.9808
2024-06-15 00:46:40,36.8242
2024-06-15 00:46:41,36.9219
2024-06-15 00:46:42,37.0108
2024-06-15 00:46:43,36.8712
2024-06-15 00:46:44,36.8813
2024-06-15 00:46:45,37.0009
2024-06-15 00:46:46,36.9763
2024-06-15 00:46:47,37.0327
2024-06-15 00:46:48,36.9656
2024-06-15 00:46:49,37.0712
2024-06-15 00:46:50,36.955
2024-06-15 00:46:51,37.0761
2024-06-15 00:46:52,36.9303
2024-06-15 00:46:53,36.9646
2024-06-15 00:46:54,37.1034
2024-06-15 00:46:55,36.9835
2024-06-15 00:46:56,36.9225
2024-06-15 00:46:57,37.2173
2024-06-15 00:46:58,37.0454
2024-06-15 00:46:59,37.1007
2024-06-15 00:47:00,36.832
2024-06-15 00:47:01,37.1961
2024-06-15 00:47:02,37.3322
2024-06-15 00:47:03,37.1964
2024-06-15 00:47:04,37.2153
2024-06-15 00:47:05,37.0406
2024-06-15 00:47:06,37.1114
2024-06-15 00:47:07,37.1396
2024-06-15 00:47:08,37.0257
2024-06-15 00:47:09,37.0877
2024-06-15 00:47:10,37.0047
2024-06-15 00:47:11,37.0699
2024-06-15 00:47:12,37.1982
2024-06-15 00:47:13,36.9422
2024-06-15 00:47:14,37.2187
2024-06-15 00:47:15,36.9703
2024-06-15 00:47:16,37.138
2024-06-15 00:47:17,37.1517
2024-06-15 00:47:18,37.1993
2024-06-15 00:47:19,37.1286
2024-06-15 00:47:20,37.0469
2024-06-15 00:47:21,37.1745
2024-06-15 00:47:22,37.3779
2024-06-15 00:47:23,37.1639
2024-06-15 00:47:24,37.0818
2024-06-15 00:47:25,37.1279
2024-06-15 00:47:26,37.1943
2024-06-15 00:47:27,37.1571
2024-06-15 00:47:28,37.1478
2024-06-15 00:47:29,37.326
2024-06-15 00:47:30,37.2496
2024-06-15 00:47:31,37.1907
2024-06-15 00:47:32,37.1961
2024-06-15 00:47:33,37.2292
2024-06-15 00:47:34,37.2726
2024-06-15 00:47:35,37.3494
2024-06-15 00:47:36,37.1847
2024-06-15 00:47:37,37.1311
2024-06-15 00:47:38,37.1795
2024-06-15 00:47:39,37.1523
2024-06-15 00:47:40,37.0919
2024-06-15 00:47:41,37.3902
2024-06-15 00:47:42,37.3392
2024-06-15 00:47:43,37.0301
2024-06-15 00:47:44,37.2849
2024-06-15 00:47:45,37.2301
2024-06-15 00:47:46,37.2228
2024-06-15 00:47:47,37.0284
2024-06-15 00:47:48,37.2792
2024-06-15 00:47:49,37.2941
2024-06-15 00:47:50,37.1734
2024-06-15 00:47:51,37.458
2024-06-15 00:47:52,37.3795
2024-06-15 00:47:53,37.1984
2024-06-15 00:47:54,37.412
2024-06-15 00:47:55,37.2678
2024-06-15 00:47:56,37.4245
2024-06-15 00:47:57,37.1794
2024-06-15 00:47:58,37.3453
2024-06-15 00:47:59,37.2113
2024-06-15 00:48:00,37.2539
2024-06-15 00:48:01,37.1491
2024-06-15 00:48:02,37.2235
2024-06-15 00:48:03,37.2276
2024-06-15 00:48:04,37.2197
2024-06-15 00:48:05,37.3798
2024-06-15 00:48:06,37.189
2024-06-15 00:48:07,37.4001
2024-06-15 00:48:08,37.4755
2024-06-15 00:48:09,37.2907
2024-06-15 00:48:10,37.3757
2024-06-15 00:48:11,37.3553
2024-06-15 00:48:12,37.3524
2024-06-15 00:48:13,37.1426
2024-06-15 00:48:14,37.2902
2024-06-15 00:48:15,37.5537
2024-06-15 00:48:16,37.4446
2024-06-15 00:48:17,37.3927
2024-06-15 00:48:18,37.2194
2024-06-15 00:48:19,37.4855
2024-06-15 00:48:20,37.3396
2024-06-15 00:48:21,37.3117
2024-06-15 00:48:22,37.3264
2024-06-15 00:48:23,37.4959
2024-06-15 00:48:24,37.4424
2024-06-15 00:48:25,37.5406
2024-06-15 00:48:26,37.5714
2024-06-15 00:48:27,37.3895
2024-06-15 00:48:28,37.4638
2024-06-15 00:48:29,37.4425
2024-06-15 00:48:30,37.3412
2024-06-15 00:48:31,37.3603
2024-06-15 00:48:32,37.4703
2024-06-15 00:48:33,37.4857
2024-06-15 00:48:34,37.4906
2024-06-15 00:48:35,37.4954
2024-06-15 00:48:36,37.4238
2024-06-15 00:48:37,37.7222
2024-06-15 00:48:38,37.5379
2024-06-15 00:48:39,37.4618
2024-06-15 00:48:40,37.5643
2024-06-15 00:48:41,37.4436
2024-06-15 00:48:42,37.536
2024-06-15 00:48:43,37.5781
2024-06-15 00:48:44,37.5978
2024-06-15 00:48:45,37.4216
2024-06-15 00:48:46,37.8549
2024-06-15 00:48:47,37.6749
2024-06-15 00:48:48,37.7646
2024-06-15 00:48:49,37.5404
2024-06-15 00:48:50,37.5953
2024-06-15 00:48:51,37.579
2024-06-15 00:48:52,37.5253
2024-06-15 00:48:53,37.6604
2024-06-15 00:48:54,37.501
2024-06-15 00:48:55,37.6638
2024-06-15 00:48:56,37.5488
2024-06-15 00:48:57,37.6432
2024-06-15 00:48:58,37.7541
2024-06-15 00:48:59,37.5993
2024-06-15 00:49:00,37.6953
2024-06-15 00:49:01,37.5711
2024-06-15 00:49:02,37.5085
2024-06-15 00:49:03,37.7975
2024-06-15 00:49:04,37.7107
2024-06-15 00:49:05,37.6272
2024-06-15 00:49:06,37.7149
2024-06-15 00:49:07,37.5483
2024-06-15 00:49:08,37.6989
2024-06-15 00:49:09,37.681
2024-06-15 00:49:10,37.729
2024-06-15 00:49:11,37.8328
2024-06-15 00:49:12,37.8181
2024-06-15 00:49:13,37.5391
2024-06-15 00:49:14,37.4831
2024-06-15 00:49:15,37.7119
2024-06-15 00:49:16,37.7089
2024-06-15 00:49:17,37.583
2024-06-15 00:49:18,37.6052
2024-06-15 00:49:19,37.6289
2024-06-15 00:49:20,37.8441
2024-06-15 00:49:21,37.668
2024-06-15 00:49:22,37.5696
2024-06-15 00:49:23,37.7182
2024-06-15 00:49:24,37.729
2024-06-15 00:49:25,37.6307
2024-06-15 00:49:26,37.7977
2024-06-15 00:49:27,37.857
2024-06-15 00:49:28,37.7124
2024-06-15 00:49:29,37.6022
2024-06-15 00:49:30,37.7299
2024-06-15 00:49:31,37.7921
2024-06-15 00:49:32,37.5508
2024-06-15 00:49:33,37.8195
2024-06-15 00:49:34,37.7385
2024-06-15 00:49:35,37.785
2024-06-15 00:49:36,37.7563
2024-06-15 00:49:37,37.7146
2024-06-15 00:49:38,37.7835
2024-06-15 00:49:39,37.7484
2024-06-15 00:49:40,37.7682
2024-06-15 00:49:41,37.7206
2024-06-15 00:49:42,37.867
2024-06-15 00:49:43,37.9417
2024-06-15 00:49:44,37.7353
2024-06-15 00:49:45,37.8156
2024-06-15 00:49:46,37.7225
2024-06-15 00:49:47,37.8755
2024-06-15 00:49:48,37.8638
2024-06-15 00:49:49,37.7881
2024-06-15 00:49:50,37.8424
2024-06-15 00:49:51,37.9419
2024-06-15 00:49:52,37.6993
2024-06-15 00:49:53,37.7355
2024-06-15 00:49:54,37.9275
2024-06-15 00:49:55,37.8795
2024-06-15 00:49:56,37.8717
2024-06-15 00:49:57,37.9777
2024-06-15 00:49:58,37.9585
2024-06-15 00:49:59,38.0642
